year,rank,advertiser,title,source_key,ocr_brand_present,strong_people_present,face_closeup_present,high_saturation_mean_median_split,high_saturation_present,non_upbeat_audio,non_funny_visual,saturation_mean,dlPFC abs activation,Amygdala abs activation,vmPFC abs activation,Hippocampus abs activation,Ventral striatum abs activation
2020,1,Jeep,Groundhog Day,id:AnhzGUcENWo,False,True,False,False,True,False,False,0.276959,0.08645767154438153,0.047162645962089265,0.04292482983853131,0.025639054683103586,0.056224529658045065
2020,2,Hyundai,Smaht Pahk,id:85iRQdjCzj0,False,True,True,False,False,False,False,0.242093,0.10442462382572033,0.05347390812821683,0.0442942901115332,0.04471985334530469,0.05964433927355062
2020,3,Google,Loretta,id:6xSxXiHwMrg,False,False,False,False,False,True,False,0.029763,0.06591289054070194,0.027894800207910214,0.023221162839659585,0.02696014786072603,0.04946291795266522
2020,4,Doritos,The Cool Ranch,id:9OpuHa2vwdk,False,False,True,True,True,False,False,0.375307,0.091288233335529,0.08537956883332554,0.037163893665586145,0.043664510142324156,0.029274618387820972
2020,5,Rocket Mortgage,Comfortable,id:g2ERWFMLptw,False,True,False,False,False,False,False,0.24521,0.08624144058142387,0.04633363386882199,0.03417489267885681,0.04918745084266574,0.03216127588280606
2020,6,NFL,NEXT 100,id:lbkafMhmvMo,False,True,True,False,True,False,False,0.293077,0.104537600119199,0.06222692030881129,0.04785741878440597,0.06517766683828084,0.0846542270854115
2020,7,Amazon,Before Alexa,id:RF9t2rFmTVE,True,True,False,False,False,False,False,0.262841,0.07936076897063422,0.050754348767389136,0.031266862233834555,0.06358746412609302,0.035127662880612226
2020,8,Kia,Tough Never Quits,id:YyMev6_XZ9s,False,True,True,False,False,False,False,0.28474,0.06020527601774245,0.11382194464760162,0.051492432292018574,0.08737131401763427,0.06752980043446377
2020,9,Microsoft,Be The One,id:_xPn4DXIj5w,False,False,True,False,False,False,False,0.294654,0.12085325366684364,0.03842214234349994,0.06750671086566785,0.033578527266425684,0.06575102005819121
2020,10,Cheetos,Can’t Touch This,id:Cdpf1Dl5b_4,False,True,True,False,False,False,False,0.254006,0.04223304305757792,0.02752107095771596,0.013629898209390843,0.035028034009571545,0.05861049083261079
2020,11,Michelob ULTRA,Jimmy Works It Out,id:U7h6Vls-uO8,False,False,False,False,False,False,False,0.272159,0.12486045349921497,0.025762545104537644,0.053298882288592156,0.0492357621601383,0.09210347815283704
2020,12,Budweiser,Typical American,id:yt-zXuAAD6Q,False,True,True,True,True,False,False,0.363941,0.10348043079887113,0.035565576130258125,0.056752026293958875,0.05224944756898494,0.07483449434595447
2020,13,WeatherTech,Lucky Dog,id:gckObDeYpAA,False,True,True,False,False,False,False,0.274486,0.03440457279128684,0.03042380878302663,0.012115265833147358,0.028800664230116756,0.0588845040383083
2020,14,Little Caesars,Best Thing Since Sliced Bread,id:p5u-vBV8NUU,False,True,False,False,True,False,False,0.282749,0.10252797710044041,0.049535327391432835,0.03151737659105227,0.02635469624240477,0.058943334418082846
2020,15,Bud Light,Inside Post's Brain,id:wsnnU3fJTWg,False,False,False,True,False,False,False,0.381871,0.09800856134721203,0.03515859262718417,0.041678640273000465,0.07771140806310406,0.09046282949192179
2020,16,T-Mobile,Mama Tests 5G,id:y6yRDblPknY,True,False,True,True,True,False,False,0.426957,0.08640826836760548,0.10404901291642867,0.0537692973124129,0.04936095470163436,0.03696246088615481
2020,17,New York Life,Love Takes Action,id:-3LTR32dMgI,False,True,False,True,True,False,False,0.345659,0.1073915388967309,0.04817630962892766,0.04673785269260403,0.023802526747541703,0.060615713708102655
2020,18,Walmart,Famous Visitors,id:qZqD-gSbUGY,False,True,True,False,False,False,False,0.26044,0.07957064504069936,0.03846371540400594,0.03212472344748673,0.04803877701300991,0.03261165214436389
2020,19,Mountain Dew,As Good As The Original,id:tHoYKy1GMgM,False,True,True,True,True,False,False,0.416359,0.03978346795109763,0.05491140173482039,0.03546517800887156,0.05402768578912526,0.030269972826187843
2020,20,Verizon,The Amazing Things 5G Won’t Do,id:RhgJFsjBoN0,True,True,True,False,True,False,False,0.296944,0.09046884434563769,0.08630855551787782,0.06031723879277701,0.04870035914438107,0.0684982171506687
2020,21,Tide,"Finally Later, #LaundryLater",id:0RVUcdyEq9k,False,True,True,True,True,True,False,0.420001,0.022794170035714507,0.07596485460443152,0.0140598914719053,0.06561484187841411,0.054979408878300814
2020,22,Reeses,Rock,id:9j6ENrR9HE8,False,False,False,False,True,False,False,0.228407,0.11538960742098943,0.014969281060621087,0.04222633359687665,0.03253982415023654,0.0699532572180032
2020,23,Planters,Tribute,id:MoVpgtAJHfU,False,True,False,False,False,False,False,0.285691,0.03995325091694076,0.03462077142487807,0.02108232224626197,0.0294056522643326,0.037343670467712996
2020,24,Toyota,Heroes,id:C7loDDRfeJw,False,True,False,True,True,False,False,0.363632,0.07747797162405079,0.0559430906050173,0.03424202709325719,0.07457907752000854,0.0919021202517407
2020,25,Snickers,#SnickersFixtheWorld,id:SLAV4LYO-yU,False,True,False,False,False,False,False,0.269159,0.06989199588341367,0.0346253416101847,0.03116376128579884,0.03394742436440923,0.04046792400092398
2020,26,Procter & Gamble,"When We Come Together, an Interactive Super Bowl Party, America's Choice",id:CvUDuu58zbo,False,True,True,False,False,False,False,0.23199,0.10861104301043915,0.04706855506769246,0.02982769214681213,0.037964658632076174,0.05477602352787337
2020,27,Porsche,The Heist,id:92sXWVxRr0g,False,False,False,False,True,False,False,0.275929,0.09549255722335401,0.040325866719441716,0.05077620984188143,0.04523849843535567,0.055691093785156034
2020,28,Genesis,Going Away Party,id:WTcXkxbukuk,False,True,False,True,True,False,False,0.395244,0.07152255688394815,0.08056634609986624,0.03917100647730483,0.055532649678311126,0.029445735222127768
2020,29,Disney Plus,Trailer: Disney+,id:62EB4JniuTc,False,False,True,True,True,False,False,0.392777,0.061228078923055096,0.05993317546589028,0.04171275437942568,0.03349071528895621,0.026480821757909927
2020,30,Tide,"Super Bowl now, #LaundryLater",id:QASoewnOU0E,False,False,False,True,True,False,False,0.431913,0.03940722439438101,0.04548777517463477,0.016693439014488786,0.014617153024300885,0.06509228109249042
2020,31,Tide,"Wonder Woman now, #LaundryLater",id:mPrLiNseyCc,False,True,True,True,True,False,False,0.39261,0.06197279263953008,0.03482861307316587,0.026123791642021343,0.042186689157512856,0.05416400260957218
2020,32,SodaStream,SodaStream Discovers Water On Mars: Fresh Sparkling Water in Seconds,id:Im1En6E4osw,True,True,False,True,True,False,False,0.40795,0.06357155617858677,0.10826884708990935,0.024961193351607174,0.06080258206763699,0.04381933407858011
2020,33,Disney,Trailer: Mulan,id:8btMI_N8v8U,False,True,True,False,False,True,True,0.222888,0.01977345335430327,0.05829400811344381,0.020345347540985215,0.031214541714871268,0.06245000056390245
2020,34,Tide,"Bud Knight now, #LaundryLater",id:nUTCZKwUcno,False,True,True,True,True,True,False,0.357556,0.016321366879024628,0.05784783605486151,0.019586081521785113,0.05512786957302257,0.0502189507707953
2020,35,Marvel Studios,Trailer: Black Widow,id:lTL3OZkVMHQ,False,False,True,True,True,True,True,0.366953,0.07921790448682645,0.05708477732259774,0.05323407687246795,0.04584395292081999,0.03534186610153738
2020,36,Olay,Make Space For Women,id:Q-0Ll60FkLg,False,True,True,True,True,False,False,0.364243,0.06627985169844965,0.0569010686129331,0.03159279349160244,0.058031667236770876,0.05504415180268026
2020,37,Illumination,Trailer: Minions,id:3Zibb6lVCRw,False,True,False,False,True,False,False,0.260114,0.18198024204799101,0.07863570800649798,0.09728056458490231,0.07519019682492524,0.056039350912240944
2020,38,State Farm,Back In The Office,id:tEaTrmlZUgw,False,True,False,True,True,True,False,0.470848,0.09217262651239118,0.04541046450446752,0.04034171874435349,0.05251232634431543,0.02782533213363157
2020,39,Facebook,Facebook Groups: Ready to Rock?,id:B0uYOOTz6kk,False,True,False,False,True,False,False,0.296809,0.12716299540230205,0.034637632473771,0.06227890540446549,0.0501744530147074,0.0835362114278333
2020,40,Metro Goldwyn Mayer,Trailer: No Time to Die,id:7BgcG_l9J0A,False,False,False,True,True,True,False,0.30667,0.02138118207471309,0.07178919464349742,0.018712950338210358,0.0283176340599311,0.038805152716979874
2020,41,Audi,Let It Go,id:WvEAklsAAts,False,True,True,False,False,False,False,0.280251,0.07283855272190905,0.06037888938028891,0.041411212938172424,0.05109786244242314,0.07063518651162405
2020,42,Hulu,Tom Brady's Big Announcement,id:6Ed61xjrZx8,True,False,False,False,False,False,True,0.0,0.09341106638312335,0.06617708322592075,0.05837550909657558,0.050740064258154985,0.039033752676498626
2020,43,Michelob ULTRA Pure Gold,6 for 6-Pack,id:ANarZ_113Xc,True,True,True,True,True,False,False,0.435336,0.07220567901219635,0.04607257731258866,0.04148072584399152,0.05932957112256963,0.054792525735683696
2020,44,TurboTax,All People Are Tax People Remix,id:cKD0XN1GaK4,False,True,False,True,True,False,False,0.387389,0.11144552347915508,0.04081262626153014,0.04892109632492061,0.04914146273263859,0.05770217065378345
2020,45,Pringles,Rick and Morty,id:Ffu_LU6KpQI,False,False,False,True,True,False,False,0.352263,0.06984439949904164,0.05366942722882539,0.02165285279043013,0.05783345438539977,0.06924259979277846
2020,46,GMC,Quiet Revolution,id:t6EPPJHaCtw,False,False,False,False,True,True,True,0.163416,0.0308094299398362,0.09289452341368552,0.03192912662135698,0.04516497206475049,0.04158880965603329
2020,47,Coca-Cola,Show Up,id:-gAZRN3SCBw,False,True,True,True,False,False,False,0.340441,0.10189680850931569,0.04781835278762235,0.04708270414599346,0.07062971356998395,0.07493820211717055
2020,48,Turkish Airlines,Step On Earth,id:_fPV05xpVZE,False,True,True,False,True,True,False,0.224043,0.029079674264149955,0.07749973885781526,0.018635739459257,0.05269802574933104,0.05144236973220744
2020,49,Hard Rock,The Hype,id:pHYiE4W4EO8,False,False,False,True,True,False,False,0.347005,0.10858841048819674,0.03656612290402074,0.054312990585874195,0.07336884734353845,0.07577094267388536
2020,50,Prime Video,Trailer: Hunters,id:D1dnw4t23P8,True,True,True,True,True,False,False,0.59557,0.031861024270100194,0.07422670145918212,0.0189149006644064,0.05713454589380746,0.06495517451881562
2020,51,IGN,Trailer: Fast and Furious 9,id:aWBETYEk92c,False,True,False,False,True,True,True,0.28354,0.024734532048958972,0.03965471865875377,0.007401687216146687,0.033078893200893446,0.0449494242767936
2020,52,Avocados From Mexico,The Avocados from Mexico Shopping Network,id:UkGcjBySp78,True,False,False,True,True,False,False,0.380986,0.04028601417584071,0.05242068490811753,0.014062037548449384,0.041234805434942214,0.06324342058838474
2020,53,Heinz,Find the Goodness,id:cXw4sQJINgo,False,True,False,True,True,True,False,0.471945,0.06707423994583739,0.060442363188069795,0.04489992292863977,0.036894563813361154,0.023069121058298486
2020,54,Discover,No We Don’t Charge Annual Fees,id:TV2ffYHBtbM,True,True,True,True,True,False,False,0.323318,0.010085499639223686,0.07621344524834835,0.006051650137773529,0.07142145793352804,0.045685744831072364
2020,55,Pepsi,Zero Sugar. Done Right,id:ddADu4-A7Io,True,False,False,True,True,False,False,0.423332,0.05950596311262672,0.049922846071422056,0.040701369009911954,0.03030287820313653,0.034779716688873474
2020,56,Discover,Yes We’re Accepted,id:72wa-ufzZIs,False,True,True,False,False,False,False,0.241012,0.011122066913438656,0.04347075915762354,0.006844361552170315,0.04772082918456617,0.05762711656945085
2020,57,Sabra,How We ‘Muss,id:gzEeIKShYTU,False,False,True,False,False,True,False,0.242417,0.0746373113776956,0.06790775145803174,0.0378573695463793,0.07509720627484573,0.06595079914799754
2020,58,Squarespace,Winona in Winona,id:TVqtGHcQeos,False,False,False,False,False,True,False,0.113172,0.1029514595866203,0.024045387382752106,0.05089501499065325,0.022583776569393026,0.05734541251191066
2020,59,Quibi,Bank Heist,id:N76DzOYxNyo,False,True,False,False,False,False,False,0.183358,0.016449370565948886,0.029764315153339025,0.017336072400212243,0.04905918843245927,0.05537166148424143
2020,60,Michael Bloomberg Campaign,George,id:9Yp0yN8UxVg,True,False,True,False,False,False,False,0.226162,0.09615859570247784,0.07394750517061244,0.05071162895432536,0.055695182271301706,0.06837651028430884
2020,61,Pop-Tarts,Fixed the Pretzel,id:9k3yWV3I37A,False,False,False,True,True,False,False,0.349675,0.047555078832166496,0.0675748816026108,0.022144452823158585,0.04531125961137666,0.057981696718239314
2020,62,Donald Trump Campaign,Criminal Justice Reform,id:Xtv_PJE8xns,True,True,True,False,False,False,True,0.007485,0.0195420282227652,0.07206714803885132,0.01621435206117367,0.040267142068062464,0.04399290659597937
2021,1,Rocket Mortgage,"Certain Is Better – Tracy Morgan, Dave Bautista & Liza Koshy",id:D7HsgGnFo1A,False,True,False,False,False,False,False,0.205613,0.11864733227661674,0.042401781042904686,0.05262028181127137,0.036724531796893854,0.04926287409450323
2021,2,Rocket Mortgage,Certain Is Better – Tracy Morgan & Joey Bosa,id:_YWWTRse57E,True,True,False,False,False,False,False,0.160392,0.10112409187214715,0.042732674335794744,0.039091507132564214,0.043724759155884356,0.05070197360057911
2021,3,Amazon,Alexa’s Body,id:xxNxqveseyI,False,True,True,True,True,False,False,0.36729,0.082675970771483,0.047630895241828855,0.04048922103497061,0.04916233609297439,0.07920311714655583
2021,4,M&M’S,Come Together,id:lKUcHcizEMc,False,False,False,True,True,False,False,0.386529,0.030754410641800043,0.07269723813847769,0.024162330292165243,0.029608199406149085,0.03674843015947508
2021,5,Toyota,Upstream,id:fqWG5_7nwyk,True,True,False,True,True,True,False,0.621758,0.061565908270754956,0.06524292741503032,0.028683744716857112,0.027948676926150356,0.029710913442041957
2021,6,General Motors,No Way Norway,id:LxBQ2Q39Tq4,False,True,True,True,True,False,False,0.385682,0.10068080930837561,0.10289985729115347,0.04902995395906529,0.06615860842700513,0.05968767040675233
2021,7,Cheetos,It Wasn’t Me,id:o7yvrDTtsHw,False,False,True,True,True,False,False,0.333485,0.08725523778370445,0.08775981861565789,0.032763106056622034,0.038550108899029725,0.05480639210103872
2021,8,State Farm,Drake from State Farm,id:lvpq2OjmJvg,False,False,True,True,True,False,False,0.462651,0.09442930210913925,0.07103762605360571,0.022655843341323898,0.04033277073758647,0.03658773530208103
2021,9,Doritos,Flat Matthew,id:BLuqtTn4610,False,False,True,True,True,False,False,0.391659,0.09902572493468009,0.07145643250218456,0.05817670470901892,0.0418444561705525,0.06644353228621179
2021,10,Bud Light Seltzer Lemonade,Last Year’s Lemons,id:g6CVKs77X74,True,True,True,False,True,False,False,0.255501,0.1060278478477682,0.03219571753538079,0.041211319927658314,0.03315006256369603,0.0836329602769443
2021,11,DoorDash,The Neighborhood,id:HZW-NUvSVOI,False,True,False,False,False,False,False,0.301276,0.1307861828378268,0.03535964115456273,0.048483156998242606,0.056605344957538974,0.06107238655510754
2021,12,Jeep,The Middle,id:D2XYH-IEvhI,True,False,False,False,False,False,False,0.207592,0.05033258963043663,0.08527638837029886,0.027073990181088414,0.044288282798204015,0.03104770063821753
2021,13,T-Mobile,Rockstar 5G,id:HxllNfjYw2U,False,False,True,False,False,False,False,0.295321,0.09545300773211884,0.07337375607208475,0.04604268127254069,0.06156914415104043,0.060840338488508526
2021,14,Tide,The Jason Alexander Hoodie,id:YvjuL6Bci6M,False,True,False,False,False,False,False,0.276663,0.08047293126583095,0.038635412024866214,0.03069750573486086,0.018640509349227445,0.058299041166901544
2021,15,Anheuser-Busch,Let's Grab a Beer,id:Gq7QhjTJAFo,False,True,False,False,True,False,False,0.261995,0.10491328526820451,0.057756377410675755,0.06446792733456405,0.05662202204444576,0.0977693755179643
2021,16,Huggies,"Welcome to the World, Baby",id:aaC457-XO9M,False,False,True,True,True,False,False,0.452718,0.0363294296997732,0.05337356509906899,0.021351438880498886,0.037986902906725635,0.04634869932862259
2021,17,T-Mobile,Family Drama 5G,id:VtW3OhQpyh0,False,False,False,True,True,False,True,0.373779,0.10331266969442357,0.09078260862401552,0.0465198548244578,0.03964165103222639,0.053443180294042124
2021,18,Bud Light,Bud Light Legends,id:X9jkvq4-tCU,False,True,True,False,False,False,False,0.25774,0.10348976754716462,0.04133169319746744,0.05009461699851915,0.04093210646616556,0.07298100995165958
2021,19,NFL,As One,id:lxnr2EmRnz0,False,True,True,True,True,False,True,0.372293,0.09086366647056165,0.07518171082649908,0.051422350028795825,0.0487565842822992,0.061045257161770505
2021,20,Cadillac,ScissorHandsFree,id:PeXiA0BewhU,False,False,False,False,True,True,False,0.247443,0.04139241437826834,0.09258394427597516,0.01776610854347894,0.03903238622338639,0.04635137033682047
2021,21,Uber Eats,Wayne's World & Cardi B's Shameless Manipulation,id:D-Q3HNp6dew,False,True,True,False,False,False,False,0.290826,0.10897250601223529,0.06339490307894133,0.062351844353335184,0.07958001007458988,0.08035490700442874
2021,22,Scotts Miracle-Gro,Keep Growing,id:-QKt8GtRUOA,False,False,False,True,True,False,False,0.470443,0.1821205520204135,0.08784219126516415,0.08362839200666969,0.0621248119311141,0.04534909851832445
2021,23,E-Trade,Workout,id:64ba2Pp4J94,True,True,False,False,False,False,False,0.246626,0.02883360013365738,0.04627484214226046,0.015304543011422644,0.028229392931929626,0.04966777127286015
2021,24,Bass Pro Shops and Cabela’s,Get Back to Nature,id:yfLz54hzpPs,True,False,False,False,False,False,False,0.29396,0.0919439116758959,0.077120995907379,0.06308097484122424,0.03788128899011224,0.0691445748986942
2021,25,Michelob ULTRA,Happy,id:6nzZW8BN-WY,False,True,True,False,False,False,False,0.085195,0.08364529971565515,0.0664472414180636,0.03088023589391789,0.06354411848421604,0.07339193514947377
2021,26,Indeed,The Rising,id:pZodu9AgwZE,False,False,False,False,False,False,False,0.295442,0.11739326161997655,0.04387513081144007,0.06450255385466981,0.04087418160800417,0.05618455004712031
2021,27,Paramount Plus,Sweet Victory,id:LVuTCDB1iMc,False,True,False,False,False,False,False,0.225362,0.07798108490450036,0.05883336810927301,0.03927599612091264,0.03120276857433572,0.0535433607442038
2021,28,Michelob ULTRA Organic Seltzer,All Star Cast,id:3F1KdZCJ6Vg,False,True,False,False,False,False,False,0.29154,0.07474301031657625,0.054848743097058325,0.037696944735944246,0.051507011623055224,0.0793204607375498
2021,29,Amazon Prime Video,Teaser: Coming 2 America,id:LDjkRh_2280,True,True,True,True,True,False,False,0.447772,0.06817583111780023,0.047513384052685285,0.037064677117658484,0.03406881840367397,0.033951509437922855
2021,30,Disney Plus,Teaser: The Falcon and The Winter Soldier,id:RVDq1OvwZ6o,False,True,False,True,True,False,True,0.420808,0.012756398622462072,0.04090399931384509,0.014794178092519558,0.02132721725252586,0.037005227318565724
2021,31,Verizon,Can’t Blame the Lag,id:VNXFuqYMCNc,False,True,False,False,True,False,False,0.27422,0.10433900994913915,0.07328280298638021,0.05512089622872212,0.041597435856237965,0.06044271919942856
2021,32,Dexcom,Rant,id:zN8naTqX3TI,True,False,False,False,False,False,False,0.144286,0.043027494315590165,0.030728165938385843,0.015403877398265212,0.03303063207172917,0.06165387909859415
2021,33,Paramount Plus,Ice Bridge 'Crack',id:IMFO8EX1sdg,True,True,True,False,False,False,False,0.180781,0.04680840607200345,0.0348517401010862,0.028648667223751503,0.027057913258405616,0.05239260090238528
2021,34,Jimmy John's,Meet the King,id:7ZUT9ftBWI8,False,True,False,True,False,False,False,0.359921,0.05841561523931362,0.03373802553812438,0.04079886846510423,0.02672107213210043,0.04183995669840697
2021,35,Paramount Plus,Roll Call,id:n1G2GzPtq3s,False,True,False,False,False,False,False,0.207995,0.050670767894812944,0.024354375393262902,0.042293366137891954,0.04560809582471843,0.046784682412232624
2021,36,WeatherTech,WeatherTech We Never Left,id:R2Wkk-TDnRQ,False,False,True,False,True,False,False,0.303121,0.060458926217896516,0.07883231107677727,0.02332141046811422,0.06181322179202518,0.040541099850088316
2021,38,Squarespace,5 to 9 by Dolly Parton,id:LWs5eq1B34Y,False,True,False,False,False,False,False,0.201582,0.09196302922708642,0.0953379085021359,0.05235948392323079,0.038963649914200774,0.052745159023574406
2021,39,Chipotle,Can a Burrito Change the World?,id:BkXHqihY4RE,False,True,True,False,False,False,False,0.214127,0.047947870514222515,0.06375065626842631,0.035214845623288804,0.029085018425913742,0.02043059323914344
2021,40,Logitech,Defy Logic,id:3dBl1iwqqbw,False,True,True,True,True,False,False,0.351376,0.08598008954099241,0.03515644022263583,0.040335648826190375,0.05371655623561567,0.06436383391597437
2021,41,Dr. Squatch,You’re Not A Dish,id:vDHNMqOLw_o,False,True,True,True,False,False,False,0.32717,0.05007452994052847,0.04189633077808785,0.016230077642415214,0.028970531054905442,0.05899150903735836
2021,42,Vroom,Dealership Pain,id:haXc74orwhg,True,True,True,True,True,False,False,0.380875,0.07298500942332398,0.049786033002393544,0.04003257960347189,0.04939860967653135,0.015910651468272672
2021,43,Fiverr,Opportunity Knocks,id:l06wclO4-fM,False,True,False,False,False,False,False,0.263272,0.017952349768685382,0.050049363928181725,0.010132620081172414,0.039459889004605626,0.06242036818127545
2021,44,Pringles,Space Return,id:Meuc2d3SICM,False,True,True,True,False,False,False,0.308103,0.06933092230132645,0.0295810081463839,0.028252050387007798,0.02231096358154896,0.044416838743823676
2021,45,WeatherTech,WeatherTech Family,id:rF6Jjm5547k,False,False,True,False,False,False,False,0.230305,0.0460957699056182,0.05187137424197441,0.011064485711436357,0.037328084944082116,0.03797177716291373
2021,46,Hellmann's,Hellmann’s Fairy Godmayo,id:9dtbbMddugE,False,False,True,True,False,False,False,0.322669,0.05811634548008436,0.0352264969609677,0.037160396828715254,0.051737717831773375,0.05637763053444873
2021,47,TurboTax,Spreading Tax Expertise Across The Land,id:3bqk-JJsYWg,False,True,False,True,True,False,False,0.455551,0.06342045026166095,0.04112397568034267,0.03810128936810147,0.02793476222016447,0.04586192404053034
2021,48,MTN Dew Major Melon,Mtn Dew Major Melon Bottle Count,id:9cEiYQwYLPk,False,False,True,True,False,False,False,0.311499,0.036992938297875526,0.02995604595967697,0.01751513408297403,0.04014076260583737,0.06695332556347625
2021,49,Universal,Teaser: Old,id:eB1m-WogYeg,False,True,True,True,True,False,False,0.316728,0.04427331968243892,0.04844992523347689,0.03730732483922366,0.05280373409124355,0.03529731902692993
2021,50,Inspiration4,Join The First All-Civilian Space Mission,id:_nwSmOEiDls,False,False,True,False,True,False,True,0.123311,0.039828520893518356,0.10417982999767572,0.016308937831906487,0.03151075393377267,0.03400551118621864
2021,51,Disney Plus,Get Your Stream on With The Disney Bundle,id:oRQckLs_0ro,True,True,True,True,True,False,False,0.523711,0.03540365561576821,0.07070051245391366,0.030555362573691743,0.04375806186082103,0.033547522799511
2021,52,Guaranteed Rate,Believe You Will,id:Nf0QvCq3quk,True,True,False,False,False,False,False,0.192278,0.07037637851067945,0.05794436435680829,0.02923802286386486,0.04346294491967583,0.0692729971770729
2021,53,Klarna,Klarna Presents: The Four Quarter-Sized Cowboys,id:GeLM3-J4BlU,False,True,False,False,False,False,False,0.18168,0.04279235691896501,0.02970303982645934,0.02062130977532687,0.03851515703967635,0.05851749200373886
2021,54,Skechers,Tony Romo for Skechers Max Cushioning,id:dgu5ppBIr9A,True,False,False,False,False,False,False,0.224373,0.04379173511905326,0.053669249319604415,0.0104141945285456,0.04524910319596525,0.0611312848247637
2021,55,Mercari,Get Your Unused Things Back in the Game,id:K6nwCssL-aU,False,True,False,True,True,False,False,0.404853,0.006066436350478614,0.07753749649439538,0.008394166651747286,0.07462011969515252,0.05692911438111743
2021,56,Robinhood,We Are All Investors,id:6dd8cZfSIK0,False,True,False,True,True,False,False,0.417054,0.014264078483185014,0.0406163975629689,0.0119968969397762,0.019159885668860958,0.026292313786689146
2021,57,Oatly,Wow Wow No Cow,id:r2-f-qBcQFs,False,False,True,False,False,False,False,0.233204,0.05346075961632383,0.04070967191031993,0.0219797353659357,0.03765645761575014,0.04930241339440854
2022,1,Rocket Homes and Rocket Mortgage,Dream House with Anna Kendrick and Barbie,id:9tFBAmMIsds,True,True,True,False,True,False,False,0.29877,0.10075897042240411,0.029441228824102144,0.03187200943274153,0.051472189343933494,0.060132693180016066
2022,2,Amazon,Mind Reader,id:d3t-nXgGa4c,False,True,False,False,True,False,False,0.26045,0.08829230330884452,0.05343948718093861,0.04555435371834647,0.08044216531727992,0.09501039945919597
2022,3,Doritos/Cheetos Flamin' Hot,Push It,id:YCLPiIAKqZY,False,True,False,False,False,False,False,0.2742,0.09389759717243056,0.051700806032334005,0.04181943849793497,0.05895671058180071,0.07101315435554297
2022,4,Kia,Robo Dog | The All-Electric Kia EV6,id:HoNMz_OV_dI,False,False,True,True,True,False,False,0.439137,0.07572236944522169,0.06802166201440348,0.03396369876073934,0.028526157559826928,0.049801992744739496
2022,5,Toyota,Brothers,id:x_UgHZdjgvQ,False,True,True,True,True,False,False,0.330154,0.06680590866931843,0.08901258593957333,0.028622677649504314,0.04709054978032194,0.04092026412753115
2022,6,Lay's,Golden Memories,id:0KjatG0hqwE,False,True,False,False,False,False,False,0.247296,0.10662223643490244,0.04449135655803334,0.0473964940756559,0.05875523003716284,0.058286305284127544
2022,7,BMW,Zeus & Hera,id:nUC1QA5gRcU,False,True,False,False,False,False,False,0.209554,0.09360035615307942,0.04818841761776376,0.04016272276639933,0.043931045176993484,0.06794023085385556
2022,8,NFL,Bring Down The House,id:8PhfMtZce1k,False,False,True,False,False,False,False,0.258153,0.10046987086534497,0.05458739628749232,0.03207480621058487,0.058158091881445405,0.04681170188954894
2022,9,Toyota,The Joneses,id:AtQIz5pkwwg,False,True,True,False,False,False,False,0.293374,0.10172712696450092,0.024190665565298048,0.04678519219160075,0.05281144251514754,0.08077784784670383
2022,10,E-Trade,Off the Grid,id:4XTdIxmY5UI,False,False,False,False,False,False,False,0.232904,0.039796484132031185,0.05310434207952177,0.03558826149840434,0.04596294086991939,0.02268779952178839
2022,11,Nissan,Thrill Driver,id:Bu56KAaIcac,False,True,True,False,False,False,False,0.230704,0.05862930725727757,0.041187885061039396,0.038697250932455,0.06047725872070124,0.06437200303854683
2022,12,Michelob ULTRA,Superior Bowl,id:A_2cMNhm1z4,False,True,True,True,True,False,False,0.48743,0.055751628854445026,0.06950676756511838,0.023696301052612872,0.039380589949931655,0.04751164850978441
2022,14,General Motors,Dr. EV-il,id:HoqiQtc79CQ,False,False,False,False,True,False,False,0.254062,0.11153835036924906,0.08068499625660473,0.051205863431096045,0.0639343278482556,0.05841198244265143
2022,15,Budweiser,Clydesdale’s Journey,id:A4JUPLdn3Hc,False,False,True,False,False,True,True,0.226678,0.03721155368589924,0.0698087976724179,0.0195261002867482,0.06005157800391312,0.056969264947942286
2022,16,Verizon,Goodbye Cable,id:Z6HbCcSKJGQ,False,True,True,False,False,False,False,0.191453,0.10843250134161539,0.05317882243211246,0.05775861833244559,0.06917131414104781,0.08775234863694223
2022,17,FTX,Don't Miss Out,id:sUyEkW0zOh0,False,True,False,False,False,False,False,0.232531,0.09881886403475483,0.0480810435455558,0.05409821919830777,0.047160166066272935,0.09382078440061634
2022,19,Disney Plus,Disney+ Has All the GOATs,id:AV8NXzi5Lj0,False,True,False,False,True,False,False,0.245729,0.056726247125438216,0.03985347785055631,0.017819008390818288,0.04426567953612119,0.04670576942818499
2022,20,Google,Seen on Pixel,id:XhUgcYw9cj4,True,False,True,False,False,False,False,0.196874,0.10333927273750299,0.08220660886062038,0.0577023297814386,0.035501040898296664,0.05672683019656683
2022,21,Avocados From Mexico,Colosseum Tailgate,id:SVI2AQj_eU0,False,True,True,False,True,False,False,0.284888,0.05002340642469268,0.02991575378525466,0.017181743960827525,0.04263903448757313,0.0511154124205599
2022,22,Greenlight,I'll take it,id:RcSQ-tftM0c,False,True,False,True,True,False,False,0.340587,0.0585714885698897,0.024306709039956288,0.013739969488233287,0.016579898021050827,0.04701263994377635
2022,23,Planet Fitness,What’s Gotten into Lindsay?,id:SnoVFlMMdK8,False,False,True,True,True,False,False,0.393345,0.06756522517119132,0.037560224107333555,0.023119092094046674,0.039522901443498445,0.06689644119303137
2022,24,Squarespace,Sally's Seashells,id:oDBxO2EzwyI,False,False,True,True,True,False,False,0.378611,0.09260350588176924,0.058482128275292214,0.05975436924823689,0.030110394954681353,0.055291033516238805
2022,25,Uber Eats,Uber Don’t Eats,id:A_PD7nzJy9U,True,False,True,True,True,False,False,0.377453,0.04574416811977109,0.0425016082557184,0.023149372274721258,0.051557093126965374,0.01746501460771204
2022,26,Expedia,Stuff,id:CMaispXEh94,False,True,False,False,True,False,False,0.288826,0.02548144632684327,0.02600716564006034,0.0134022399325788,0.024178447403080183,0.02519082040525967
2022,27,Sam's Club,Sam's Club VIP,id:-scnlFAuAQM,False,False,False,True,True,False,False,0.313636,0.059265468056712775,0.06550949416788557,0.033388085051306596,0.045389524048992505,0.04700945329220429
2022,28,Chevrolet,New Generation,id:2bZYqFsU72Y,True,False,False,False,False,False,True,0.079933,0.07907790169119831,0.09281983011335661,0.04243401395423068,0.045353224900151964,0.032129094383812326
2022,29,Hellmann's,Hellmann’s/Best Foods Mayo Tackles Food Waste featuring Jerod Mayo and Pete Davidson,id:OnA7f-vmjPU,False,True,True,False,True,False,False,0.304778,0.06913330501743721,0.042881006812344115,0.030252282301496125,0.045407985150814,0.03982725960335556
2022,30,Booking.com,Idris Elba says things,id:Pp49uUpesb4,False,True,True,True,True,False,False,0.410824,0.05624494792095246,0.02707391044324526,0.012719857284433315,0.023106629537817586,0.03579421088299043
2022,31,Pringles,Pringles | Stuck In,id:aP2up9N6H-g,False,True,False,False,False,False,False,0.26906,0.029984525670962634,0.03635364613562285,0.01383202961379923,0.029083671207938835,0.05011847882997241
2022,32,Amazon Prime Video,Trailer: The Lord of the Rings: The Rings of Power,id:v7v1hIkYH24,True,True,False,False,True,True,True,0.177876,0.07532752592648773,0.07722402394616175,0.05288439073732915,0.031222151065178696,0.05071745906025168
2022,33,Meta for Meta Quest,"Old Friends, New Fun",id:Z8lthAAjxZc,False,True,False,False,True,False,False,0.303767,0.04181812514684026,0.037065485452434814,0.0214971010772777,0.034778602085342315,0.029449802143998113
2022,34,Netflix,Trailer: The Adam Project,id:Ha8ofuzpriE,True,True,True,True,True,False,False,0.360684,0.06327424379331721,0.1255799546372145,0.03159839931343276,0.08621074928502948,0.056930245341001294
2022,35,T-Mobile,HINT,id:6Pr_TduMieM,False,False,True,False,False,False,False,0.206354,0.1192907522831644,0.10295228740266918,0.06564101380562141,0.03959670629826303,0.021442215883039958
2022,36,Salesforce,The New Frontier,id:tIp251KCz6k,False,True,True,False,False,False,False,0.214698,0.08241968623229433,0.044559796545321884,0.048967819102108415,0.047771169271852244,0.06591261687821572
2022,37,Irish Spring,Welcome to Irish Spring,id:656ONxP4t68,False,True,False,True,True,False,False,0.315039,0.042764739106808336,0.028588298854551088,0.02257107367206893,0.0476203385673995,0.045610152105135526
2022,38,TurboTax,Matchmaker,id:JFFmnRg1CmE,False,False,True,True,False,False,False,0.340677,0.06006228380304357,0.022373894123094373,0.02423146271279877,0.029420418784554443,0.05527158251830507
2022,39,Bud Light Seltzer Hard Soda,Land of Loud Flavors,id:RD691dUnXNE,False,True,False,True,False,False,False,0.357238,0.09164648886237822,0.05247845711336201,0.041365361745868356,0.06399503330300957,0.0789991961792111
2022,40,Caesars Sportsbook,Caesars Sportsbook's Super Bowl Debut: Sit Down Dinner,id:jfG_d-0X2ZI,False,True,False,True,True,False,False,0.43354,0.08281840969409257,0.06107157745531621,0.03976431885468105,0.0491891678156597,0.050207093810396494
2022,41,Cutwater Spirits,Here’s to the Lazy Ones,id:lQu7wbxo1UM,False,False,True,False,False,False,False,0.010091,0.06242286706609381,0.0352631932274172,0.027491781414885556,0.06559728677384549,0.07203185502938655
2022,42,Turkish Airlines,Pangea,id:QTKtQF_o63Y,False,True,True,True,True,False,False,0.324039,0.10444891261202946,0.052255132927426215,0.05723169403416763,0.03697309464083184,0.061673914095652926
2022,43,Hologic,Her Health is Her Wealth,id:0Yn8yn6WOP4,True,False,True,False,False,False,False,0.143516,0.08607580076370915,0.04729336140777113,0.03361725839453613,0.030680770766256044,0.027762948375727414
2022,44,Rakuten,High Stakes,id:YresqeUWXl0,False,True,True,False,False,False,False,0.281921,0.05302912566278657,0.05530362609507778,0.025118069771477645,0.043828384684664816,0.0459277248542223
2022,45,Disney Plus,Trailer: Marvel Studios’ Moon Knight,id:KM3Yx-5Ymiw,False,False,False,True,False,False,False,0.333904,0.04555819806243687,0.052447881207003076,0.033273855330688586,0.023616356326134014,0.03853956135571927
2022,46,HBO,Trailer: Winning Time: The Rise of the Lakers Dynasty,id:H-PN89qfmAI,True,True,True,True,True,False,False,0.595633,0.06538889879094698,0.11987207939050025,0.04726365333689109,0.07101831422852616,0.047412071606543434
2022,47,Universal,Trailer: Nope,id:EG4u5M4J2SE,False,True,False,False,False,True,False,0.171654,0.03302736390115956,0.04243961856534167,0.0287673711843256,0.03168451919087335,0.038158174244953
2022,48,T-Mobile,Dolly PSA,id:kmqW6nmC3Po,False,True,False,False,False,True,False,0.216268,0.057404252700507585,0.03547532163294294,0.03691825679104239,0.038551138727260445,0.048789333512208224
2022,49,Crypto.com,The Moment of Truth,id:Sk_52aI_W1M,True,True,True,True,True,False,False,0.411646,0.011472587709847258,0.04667064879821342,0.016796698753855,0.04724276568075373,0.031441849411930844
2022,50,Carvana,Oversharing Mom,id:YpKYj8edUOg,False,True,False,True,True,False,False,0.418604,0.05341414181249477,0.022484858404745175,0.024987680561441326,0.04436767899564331,0.03674747921260336
2022,51,WeatherTech,WeatherTech Fit Crew,id:fwnbHVYgprA,True,False,False,True,False,False,False,0.318829,0.034613202272781245,0.04449340791158773,0.013029617563006428,0.042111450234161914,0.03948498873838351
2022,52,Taco Bell,The Grande Escape,id:YPV7X8_zKfc,False,True,True,False,False,False,False,0.294847,0.02523138782541663,0.02924865417049393,0.01451733590136943,0.025091576015776225,0.04429355376133959
2022,53,Cue Health,Meet Cue: A New Smart Device for Your Health,id:PqgaQ9WnJSI,False,False,False,False,False,False,False,0.115357,0.0566973057176385,0.056746179237961714,0.015959655534451056,0.056862449858869804,0.05782994477610499
2022,54,Vroom,Flake the Musical,id:9f0W1YyZVA4,False,True,False,True,True,False,False,0.346625,0.06374582030943458,0.06232109075146059,0.03086286535752666,0.042817073368600404,0.051571316817509226
2022,55,Amazon Prime Video,Football is Open,id:rnDTxvMoCus,False,False,True,False,True,False,False,0.261005,0.0801511658089501,0.07241949649261571,0.054951683910829656,0.06821681372821328,0.043350362977279025
2022,56,Michelob ULTRA Organic Seltzer,Caddy,id:0XXmCAwO3qg,True,True,True,True,True,False,False,0.3966,0.07164387521999219,0.0611386596757386,0.044912174064666,0.05343600268076567,0.0286788664408959
2022,57,Polestar,No Compromises,id:B4QI0VzbkHk,True,False,False,False,False,True,True,0.157579,0.044740830472021875,0.06191602881465636,0.02881164388465026,0.042705551042620575,0.0290709305222013
2022,58,Intuit,Intuit QuickBooks and Mailchimp present: Duality Duets ft. DJ Khaled,id:tGl5pF3m2Vo,False,True,False,True,True,False,False,0.391558,0.0717332031045641,0.05064087776201106,0.021088744380644342,0.06282733370483448,0.05657670551112718
2022,59,Gillette,GilletteLabs with Exfoliating Bar | A Quick & Easy Shave,id:FNedZNujzGo,False,True,True,True,True,False,False,0.352714,0.0322846449911594,0.03374337669728052,0.009396667871624157,0.025626295568820574,0.052705485992399645
2022,60,T-Mobile,Miley Do It For the Phones,id:nHR33K02_vo,False,False,True,False,False,False,False,0.119222,0.030227459275296683,0.041173704154789395,0.012954666748243745,0.023771512328780074,0.058896207762882076
2022,61,AMC+,Trailer: AMC+,id:1mK3myxd58g,True,False,True,True,True,False,False,0.496326,0.06669026903275928,0.08689211129343932,0.03429745166961634,0.05452939254298268,0.04132510562693432
2022,62,DraftKings,Fortune: Life's a Gamble,id:yrQnUFOTkHs,False,True,False,True,True,False,False,0.396428,0.03404558396765158,0.035465385764837216,0.016873600906027155,0.025377918167837958,0.036469851510732273
2022,63,Wallbox,Can #SuperchargedSeth embrace electricity again?,id:nNqctrQPwkk,True,False,True,False,True,False,False,0.266502,0.09381067912493427,0.07144304591097997,0.049967054171221555,0.03713733252038109,0.04802904614646515
2022,64,Bud Light NEXT,Zero In The Way Of Possibility,id:c3fELinsiAI,False,True,True,True,True,False,False,0.472716,0.06719503966825345,0.03412904362859465,0.028205451981297515,0.05653494895835004,0.0749816309926765
2022,65,eToro,Flying Your Way,id:7O4rP3qwlfo,False,True,False,False,False,False,False,0.193721,0.03880123996308867,0.023076992601688384,0.02251603600702113,0.03802674250411131,0.055199134509478234
2022,66,CoinBase,Coinbase Big Game ad,id:eIUD_NE1BDo,False,False,False,False,False,False,True,0.036261,0.027690193243324716,0.06951763911971018,0.027886989233749198,0.023699898781653954,0.018732929648831425
2023,1,The Farmer's Dog,Forever,id:IAIo-pUDl0s,False,True,False,False,False,False,False,0.282751,0.08566745200327461,0.05494765253471473,0.04271838904491489,0.06970634140140772,0.08917470337556935
2023,2,NFL,Run With It,id:LJgAnYzNScg,False,True,False,False,True,False,False,0.273383,0.08110507774565898,0.06600266982402114,0.04044258057006763,0.09376726044075823,0.0459461655334702
2023,3,Amazon,Saving Sawyer,id:Pot2AfkTvds,False,True,False,True,False,False,False,0.336619,0.053057257831096626,0.054924831880322995,0.021576906344021745,0.06207456664581381,0.07355825289019514
2023,4,Dunkin',Dunkin' 'Drive Thru' starring Ben,id:BBIX9FG6kZ0,False,True,True,False,False,False,False,0.234773,0.053131476842931326,0.017659303106899716,0.018195084518226486,0.023891535108642885,0.044528900086879694
2023,5,PopCorners,Breaking Good,id:V2lMJ-NSaFo,False,False,False,True,True,False,False,0.392277,0.12328290407146723,0.04292658340086091,0.05647547346140653,0.05977372644203046,0.05669049925969111
2023,6,Bud Light,Bud Light Hold,id:azCNwGnxq0s,False,True,False,False,False,False,False,0.222291,0.09919748210481234,0.06130282469592718,0.04028948492237493,0.08812068217833122,0.08853434656630266
2023,7,T-Mobile,Neighborly,id:jSO-Whn2sCQ,False,True,True,True,True,False,False,0.317497,0.10275623457772388,0.04869252306941358,0.05717908048204007,0.07766149312789948,0.07248313134270049
2023,8,He Gets Us,Be Childlike,id:ogLX2heol5E,True,False,True,False,False,False,False,0.026034,0.0687656435051134,0.11527711290400469,0.04488386026184469,0.059964729945308375,0.06321614559274162
2023,9,Disney,Disney100 Special Look,id:Xg69VWvHGOA,False,False,True,True,True,False,True,0.438107,0.06788483826177456,0.04625283331344166,0.025756237363176643,0.03158367268541557,0.06106125731686391
2023,10,Workday,Rock Star,id:2ID-1mzRAew,True,False,False,False,True,False,False,0.295917,0.09716691161905013,0.06178509015589949,0.0633351183363369,0.0593836877761142,0.09449933714100288
2023,11,Kia,Binky Dad,id:V3SHwtLa2bE,False,True,False,True,False,False,False,0.31986,0.055336612409778975,0.043473166826048015,0.026330795325338784,0.038755185522937295,0.05689714069012548
2023,12,Google,Fixed on Pixel,id:zkHdpA-drz0,False,True,False,False,False,False,False,0.182977,0.06534783350569855,0.07756609539501365,0.028944811091891315,0.036712325696966426,0.04460248843783376
2023,13,General Motors & Netflix,EVs On Screen,id:5jymEz9xkPQ,False,False,False,True,True,False,False,0.31257,0.10713927681956971,0.08642707163068859,0.060587936001164536,0.052700390573590945,0.05709371309494598
2023,14,Doritos,Jack's New Angle,id:BD6d5THLlUA,False,True,True,True,True,False,False,0.476454,0.09900276895080289,0.10631861493789721,0.0568105384175266,0.08527436394111383,0.05035433985093339
2023,15,He Gets Us,Love your Enemies,id:f5x1RyJOwP8,False,True,True,False,False,False,True,0.000454,0.09187174130763323,0.12915229323719224,0.05011543482542036,0.08221544890797561,0.07063194716382501
2023,16,Miller Lite and Coors Light,The High Stakes Beer Ad,id:VWe63Z6CYfs,False,True,False,True,True,False,False,0.434065,0.06119030312235859,0.020662023745743257,0.023875964386388615,0.03085152224271687,0.03254966150437077
2023,17,Trailer,Indiana Jones and the Dial of Destiny,id:TQpwONzpcy4,False,True,False,False,True,False,True,0.288748,0.023488054683964133,0.03630986970051053,0.019841407811535202,0.035832145823431846,0.039561685507318756
2023,17,Trailer,AIR: Courting A Legend,id:UEx75kcWgxc,False,True,True,False,False,False,False,0.242909,0.07600482297795152,0.07113006625191438,0.049344062964831036,0.043698705039319684,0.062405434290745396
2023,17,Pepsi Zero Sugar,Great Acting or Great Taste with Steve Martin,id:Ibphbp8juU4,False,True,False,False,False,False,False,0.290978,0.06754868131663112,0.04121246427031494,0.03567911519535947,0.026380004627363972,0.025442665442824332
2023,20,Jeep,Electric Boogie,id:6It2PrOVs0A,False,True,False,False,False,False,False,0.264137,0.08616517271314346,0.05677152598010639,0.047797174804976965,0.053345076420477415,0.08662195302812112
2023,21,E*TRADE,Wedding,id:X8aV2tbCMUM,False,False,False,False,False,False,False,0.266137,0.07538449551377975,0.06770476543544121,0.030697298395846524,0.04540183142858687,0.032970735543806584
2023,22,RAM,Premature Electrification,id:6iaUoJUdTk4,False,True,True,True,True,True,False,0.339256,0.09806049710937903,0.04081757660522785,0.06222494537276878,0.05889882886383145,0.08230542520593316
2023,23,Busch,The Busch Guide,id:cGZRMC3S9Ic,False,True,False,False,False,False,False,0.234991,0.011187587614403985,0.06911148612520518,0.010633628995024671,0.04744774251511052,0.03313355138525361
2023,24,Pepsi Zero Sugar,Great Acting or Great Taste with Ben Stiller,id:Z0kyUhxyzzM,True,True,False,False,True,False,False,0.285813,0.02193764193216333,0.054651806101069865,0.023091365658079354,0.03425319042455933,0.04207247711185894
2023,25,Skechers,All Walks of Life,id:fdN0GWOtsHQ,False,False,True,True,True,False,False,0.329422,0.02303054887535311,0.042197121786219705,0.014497676598174188,0.045612256840935714,0.07445806384618789
2023,25,T-Mobile,The Re-write,id:zLJoQRS48KQ,False,False,False,True,True,False,False,0.463647,0.13840680782284054,0.05398877233799012,0.06809412230338364,0.03660929577558164,0.040211820718832274
2023,27,Hellman's,Who's in the Fridge,id:r_xfLBvk-AA,False,False,True,False,True,False,False,0.252969,0.09121672074709615,0.024604863567011657,0.035441546727504,0.0372264597140851,0.05274674424103324
2023,28,Michelob ULTRA,New Members Day,id:iDGwwVki13Q,False,False,False,True,False,False,False,0.331423,0.09229688740202356,0.04796836104776175,0.034500222706368947,0.05205954998465513,0.0633122151185359
2023,29,Crown Royal,Crown Royal x Super Bowl LVII,id:VUGACNfgpu4,False,False,False,True,True,False,False,0.329785,0.08441548730645855,0.043952818930016,0.04231440975729905,0.05476293113481782,0.059227503085951684
2023,30,WeatherTech,We All Win,id:h5D5BQM6D-M,True,True,True,False,False,False,False,0.298445,0.024709285476377987,0.03384304969970664,0.013381596913261842,0.05407077340143063,0.043555003737232485
2023,31,Rakuten,Not-So Clueless,id:PDh7W0WFTd8,False,True,False,True,False,False,False,0.349059,0.0356375072018376,0.02935330316956547,0.0098734872756592,0.03641494741397241,0.03881707906589973
2023,32,Uber One,One Hit for Uber One,id:mnySyKAoLpI,True,False,False,False,False,False,False,0.232471,0.08632265872188973,0.07202186414173666,0.057884077488311654,0.06559417411418891,0.05208025678460084
2023,33,Paramount Plus,Stallone Face,id:Ba1M5qnxrTM,False,True,True,False,False,False,False,0.204726,0.07302934814776692,0.04090489596128458,0.03661320331905566,0.0405597962705152,0.06111226208241917
2023,34,Planters,The Roast of Mr. Peanut,id:Q1IMqaAD8ik,False,False,True,True,True,False,False,0.717786,0.06910543345979277,0.05672203132084435,0.045366044874702145,0.055328712080206136,0.028746763430535748
2023,35,Booking.com,"Somewhere, Anywhere",id:GizRGO3PVD8,True,True,True,True,True,False,False,0.394689,0.0671236994011061,0.035368587968072684,0.034453504160046514,0.046448408918721304,0.0457075579333052
2023,36,Pringles,Best of Us,id:gKCScoG83SA,False,True,False,False,False,False,False,0.298028,0.03126637600362297,0.041079771202722784,0.011638895914490684,0.02471051955861699,0.026238019885827888
2023,37,Warner Bros.,Trailer: The Flash,id:IffQ97m60IY,False,False,False,False,False,False,True,0.273731,0.031397036569459046,0.0738112863552357,0.014920068093176342,0.03986804683559704,0.03425672808662051
2023,37,Heineken 0.0 and Marvel,"Shrinking and Drinking, Now You Can!",id:atz-Zl5ou9o,False,False,False,True,True,False,False,0.422795,0.04194737201157422,0.04511002167460637,0.02822610885570087,0.03445762704525672,0.02793326654937114
2023,39,Universal,Trailer: Fast X,id:8oBHRjnQCFE,False,True,True,True,True,False,True,0.365352,0.06218296981283591,0.04340043278976474,0.035376244025038764,0.03182223557627621,0.06916365282876147
2023,40,TurboTax,Dancer,id:tcCvW2h4974,True,False,False,False,True,False,False,0.280852,0.08975578950984132,0.042873121209309514,0.04635577883039197,0.05859347816024504,0.05588577332756743
2023,41,Dexcom,Feels Like Magic,id:RpYzhCYaEIM,False,True,True,False,False,False,False,0.171276,0.08076402662055829,0.1059923551012096,0.03478865667379327,0.058462475466408856,0.04600711749600507
2023,42,Avocados From Mexico,Make It Better,id:w57YsiNmt90,False,True,True,False,False,False,False,0.25846,0.07851440725581982,0.036339665905273086,0.0347562112978526,0.03725124620167267,0.05870029395446178
2023,43,Michelob ULTRA,Full Swing Gossip,id:AKbXPXOQAmQ,True,True,True,True,True,False,False,0.327628,0.05125911899709271,0.026840595588354083,0.018426032681730098,0.044798372632690785,0.03530205951205314
2023,44,DraftKings,Free bet,id:G7ngWuMGmN0,False,True,False,True,False,False,False,0.354781,0.0352449935328747,0.025391345843672725,0.005073458282276943,0.04024624424055213,0.0368689150349902
2023,45,Downy,Call me Downy McBride,id:c1IMW4fQFOk,False,True,False,False,False,False,False,0.274601,0.07131779523832453,0.040291775177632015,0.029291601745145612,0.05591992283506048,0.03875600911144693
2023,46,Squarespace,The Singularity,id:mManLnHyyek,False,False,False,False,True,True,False,0.213103,0.08480048584086551,0.07804026750298877,0.0577796850353479,0.07043438485956612,0.044431945638747715
2023,47,DoorDash,We Get Groceries,id:HepTQeP9ye0,False,True,True,True,False,False,False,0.336806,0.05118592674178733,0.026659075564904357,0.020814168656111773,0.046625856709267374,0.051378582201764986
2023,48,Remy Martin,Inch By Inch,id:ex1P-cXIKUE,True,True,False,True,True,False,False,0.417961,0.08263144397309845,0.057859007362276275,0.048105031251907286,0.05570298745962121,0.06916546761390882
2023,49,M&M'S,M&M'S Super Bowl 2023,id:kV2ARgWiGok,False,True,False,True,True,False,False,0.573023,0.11227761512356141,0.057823324270014194,0.056134621878819756,0.05263703808720619,0.03926793064123812
2023,50,Temu,Shop like a Billionaire,id:RgNuwb9lpeg,False,False,False,True,True,False,False,0.477321,0.041533505384411085,0.06031710132956501,0.016827273528490703,0.05846974062068117,0.06678306654627832
2023,51,U2,Achtung Baby Live at The Sphere,id:FHLK8Sdp6YM,False,False,True,False,False,True,True,0.201313,0.026382707062709503,0.08238905980916957,0.012129748921142828,0.035878469728465555,0.0553017296163099
2024,1,State Farm,Like a Good Neighbaaa,id:p8ZYgb8Osek,False,False,False,False,True,False,False,0.232559,0.10420148234282216,0.036344383044966566,0.061765560933521764,0.030132913536259076,0.04423352815210814
2024,2, Dunkin',The DunKings,id:Ve2miT5iF2M,False,True,True,True,True,False,False,0.52878,0.09476493416087962,0.034943643771111914,0.033300142509064476,0.0590079345075147,0.07857184862451892
2024,3,Kia,Perfect 10 | The Kia EV9,id:OU7BJc96lI4,False,True,False,True,True,False,False,0.46687,0.05875408654766421,0.0430894610472023,0.02958349243604707,0.03758535800235608,0.05328088235608963
2024,4, Uber Eats,Worth Remembering,id:0LXSb0PQ6HQ,True,True,True,False,True,False,False,0.282654,0.09430798994643343,0.05739009330115675,0.04305432098252428,0.04758727419040426,0.06792672595807482
2024,5, NFL,Born to Play,id:nsW9y8uoWG4,True,True,True,True,True,False,False,0.318337,0.05640828753156319,0.046304924679653955,0.0402987324898796,0.06157748835560463,0.043720539446387936
2024,6, Dove,Hard Knocks: A Dove Super Bowl Film,id:g0D5MU6_0n0,True,False,True,False,True,False,False,0.271593,0.029884534302566705,0.049889508541673386,0.018592952028016658,0.04755398753498278,0.08534779532679485
2024,7, BMW,Talkin’ Like Walken,id:sfB-glrgn5o,False,True,False,False,False,False,False,0.242716,0.0464067280691649,0.047069100543324395,0.020477789473339423,0.06313318431909591,0.07561596273444589
2024,8, Budweiser,Old School Delivery,id:8C4DNSV3IRE,False,False,False,True,False,False,True,0.307584,0.07761092771376878,0.04400611848437356,0.04339157837842188,0.050923437724954286,0.06761596622278108
2024,9, Verizon,Can’t B Broken,id:r7jpCZ1ju9I,False,False,False,True,True,False,False,0.317232,0.0852720312774181,0.040175243520310884,0.04011994499180994,0.031074706119086026,0.04728650080318658
2024,10, Doritos,Dina & Mita,id:qQJyZseER6I,False,True,False,True,True,False,False,0.344095,0.0626774558531386,0.03428767280919209,0.032149894282753944,0.0294292198227984,0.04670511165500747
2024,11, Google,Javier in Frame,id:wYPTZIFQoDQ,True,False,True,False,True,False,True,0.226761,0.09051389023661612,0.04102793835502644,0.034528481907078155,0.0285202930681407,0.04630644282193053
2024,12, Hellmann's,Mayo Cat,id:oVIexvfdx7Q,False,False,True,True,True,False,False,0.313495,0.10007646637303484,0.050115583145192655,0.03911351944719036,0.03853069974907803,0.044162002984168225
2024,13, E*TRADE,Picklebabies,id:JjLr4bdLPIs,False,False,False,True,True,False,False,0.475735,0.047140766148056255,0.029188660817453586,0.019162060034328243,0.034492885081895706,0.03157006496497027
2024,14, Volkswagen USA,An American Love Story,id:c04_GeQZFFw,False,True,False,False,True,False,True,0.149171,0.10385820258940966,0.06683193644275885,0.0595274801765169,0.040657638136430474,0.05414618928916747
2024,15,CeraVe,Michael CeraVe,id:vAf5TjiUJgo,False,True,True,False,False,False,False,0.20576,0.07072701273219921,0.03600202176852945,0.022320053699825457,0.02603765150665169,0.053689599722357706
2024,16, Paramount+,Hail Patrick,id:JccqxztjbKI,False,True,True,False,False,False,False,0.202416,0.03779131772295966,0.043481176386454226,0.0248335777316242,0.058914498133318734,0.03911300477837872
2024,17,Universal,'Wicked' trailer,id:F1dvX9Vs0ns,False,True,False,False,False,True,True,0.245465,0.08385968612773073,0.035841487920177786,0.0520137903945786,0.036330036429821334,0.06423599359446336
2024,18, Foundation to Combat Antisemitism,Silence,id:D6HUxANY8z8,False,True,True,False,True,False,False,0.270496,0.04412429742515085,0.06613949403565907,0.032617418374866196,0.025211731830079583,0.027599279409540517
2024,19, Bud Light,Easy Night Out,id:Cl--5P79iRs,False,False,False,True,True,False,False,0.336649,0.10199274133358675,0.036171248315700434,0.04838061923427237,0.03218432265732964,0.043396179682791323
2024,20, Michelob ULTRA,Superior Beach,id:88tPE7AAUxM,False,True,True,False,False,False,False,0.205491,0.07812316662498876,0.043532116100790726,0.016496422886848387,0.06160076586529608,0.070098231945719
2024,21, T-Mobile,That T-Mobile Home Internet Feeling,id:YVeCwSWNLrM,False,True,False,True,True,False,False,0.344956,0.10873271301388739,0.054650405820991274,0.040264351027352416,0.06307424257975064,0.0745869253895112
2024,22, Kawasaki,Mullets,id:mrHEtU98yVY,False,False,False,True,True,False,False,0.397026,0.05046319269708221,0.03882898259242724,0.01610681845673487,0.03793022464960809,0.07155253859236832
2024,23, Reese's,Yes!,id:sOH23Pup6AQ,False,False,False,True,True,False,False,0.577651,0.05725253394671846,0.05206248951809743,0.019324431834476317,0.038113479688763566,0.0702847996992724
2024,24, Mountain Dew,Having A Blast,id:pAdDi6G74mc,False,True,False,True,True,False,False,0.319943,0.04637962334922379,0.050934874585696586,0.020164092430578758,0.040813708305358846,0.056715433731941205
2024,26, Pfizer,Here’s to Science,id:fwvjimuwVyY,False,True,True,False,True,False,False,0.262595,0.09044995031186506,0.04565820236623814,0.041254681135926896,0.05400960003691058,0.06806711096848757
2024,27, Popeyes,The Wait Is Over,id:VoYlSqsrM_I,False,True,True,True,True,False,False,0.325028,0.07431343070098327,0.03389504925081769,0.029527747285153144,0.037447618959205446,0.056230149205241824
2024,27, Etsy,Thank you France,id:cXT8JgdvCHc,False,True,False,False,False,False,False,0.234435,0.014413928245526827,0.04738712335404534,0.01844017879255777,0.03718394398622743,0.038489920606038376
2024,29, Pluto TV,Couch Potato Farms,id:bGUfhRtjqH8,False,True,False,True,False,False,False,0.306844,0.0818571949643748,0.017635890949791844,0.028792060512517155,0.04111892369442749,0.058731563881156
2024,30, Pringles,Mr. P,id:aYvDdZZ_FQU,False,True,False,False,False,False,False,0.241272,0.049760935189468454,0.023741616611368914,0.025295301493523343,0.011497011869713343,0.042523367250604245
2024,30, BetMGM,BetMGM is for Everyone,id:JTIdwwa0Dxo,False,False,False,True,True,False,False,0.347095,0.044503687481795,0.04876262701249544,0.01634628150745157,0.056827099062502336,0.06160529453440433
2024,32, Coors Light,The Return of the Coors Light Chill Train,id:Ej7fYDHlCbA,False,True,True,False,False,True,False,0.296631,0.06963538655212942,0.06459829067545275,0.03177878905220749,0.07478247306176591,0.07782250986035377
2024,33, Oreo,Twist on It,id:H3EsFtUCOno,False,True,True,True,True,False,False,0.475368,0.019209945295006015,0.04545096145344092,0.02301942276369243,0.04643976116619467,0.05857179590633931
2024,34, Microsoft,Watch Me,id:SaCVSUbYpVc,False,True,True,False,False,False,True,0.185368,0.08945924416184421,0.03989499572656181,0.05348275559289111,0.045958192553371156,0.0661288629685129
2024,35, T-Mobile,T-Mobile Auditions,id:PjCSipST46I,True,False,False,True,True,False,False,0.535701,0.09215692132711406,0.06441064989277423,0.04554727151989931,0.03963669835855914,0.04492621449254714
2024,36, Booking.com,Tina Fey books whoever she wants to be,id:5UiFkOJoP-8,True,True,True,True,True,False,False,0.330782,0.07016490570136476,0.03147904926112717,0.019816179081265355,0.0464558823034167,0.05332243425239404
2024,37, e.l.f. Cosmetics,Judge Beauty,id:DXfWY8GpX8Y,False,True,True,True,True,False,False,0.574367,0.058163465665919394,0.029833899252116634,0.0394934901568506,0.05004358708725438,0.05157211841849074
2024,38, Toyota Tacoma,Dareful Handle,id:fQ7Az_7pzDM,True,False,False,False,False,False,False,0.274437,0.02657102612512447,0.037960802507586745,0.007217319500133585,0.022878607901345358,0.03953626982069436
2024,39, Homes.com,Launch,id:hVFB6FyPltE,True,False,True,False,False,False,False,0.189187,0.026243652642837557,0.04221607978854856,0.0222856386706033,0.04234026053122107,0.060707887953945536
2024,40, Skechers,Mr. T in Skechers,id:6zolFHbtEew,False,False,False,False,True,False,False,0.305964,0.05552692807146477,0.04952500627509183,0.010700000520695743,0.04210338967719246,0.06288765247112933
2024,41, Apartments.com,Extraterrentrials,id:1MXYI3ZKLqQ,False,True,False,True,True,False,False,0.40047,0.06324973976505652,0.04679946755724291,0.04345200574025506,0.038631995820573355,0.057400574553841004
2024,42, NERDS Gummy,NERDS Big Game Commercial ft. Addison Rae,id:-kI-vfyl2mo,False,False,False,True,True,False,False,0.604215,0.05040180974506902,0.04156347836500828,0.02312819721659507,0.03412377008103893,0.04278611747015797
2024,43, DoorDash,DoorDash All the Ads,id:DTLM5o-9hYg,True,False,False,True,True,False,False,0.462228,0.06592629184680324,0.03744067324857624,0.039564627222716774,0.08068718569619314,0.03435032340431847
2024,44, He Gets Us,Foot Washing,id:94BqlDQ-Ppo,True,True,True,False,False,False,False,0.256428,0.07187464375581057,0.12065347929352091,0.04487974941730494,0.05852253935965036,0.04847226117812427
2024,45, Poppi,The Future of Soda is Now,id:kwUJq0DA0xo,False,False,False,True,True,False,False,0.578429,0.0717181594244071,0.05547519989444736,0.030601577513984228,0.04482974014951777,0.07698852024041113
2024,47, Homes.com,Salon,id:3-kKkGRvRK0,True,True,False,True,False,True,False,0.334854,0.044808928062822224,0.05073188830699236,0.015743026615583,0.04119931454105032,0.06598404768322193
2024,48, Lindt USA,Life is a Ball,id:0tSxFvDpoNc,False,True,True,True,True,False,False,0.387566,0.03749122856384608,0.04734090907233096,0.007137811697971813,0.04090612871306278,0.06608416441428867
2024,49, FX and Hulu,Shōgun - Big Game Commercial,id:qunTCZJ8baU,True,True,False,True,True,True,True,0.479874,0.04391707221854092,0.0490851416119507,0.036979796722383794,0.0397487060299941,0.047448348333792974
2024,50, Drumstick,Doctor on the Plane,id:5auFmjoYIwY,False,True,False,True,True,False,False,0.353518,0.035900856612002145,0.0412940938557897,0.016045304327397685,0.036821268392460645,0.043151851643675083
2024,51, Homes.com,Mascot,id:dp7Ag84XMWU,True,False,True,True,True,False,False,0.397956,0.047136164921318544,0.04971793240734502,0.02481815650396207,0.04112653663115839,0.0639793593436479
2024,52, Bass Pro Shops and Cabela’s,Making Memories On The Water,id:xdhi90WooXU,True,False,False,False,False,False,False,0.279538,0.019112628242458657,0.03565031795629429,0.012404453737596457,0.035940161267561534,0.050475927322570724
2024,53, CrowdStrike,The Future,id:p4OGQQPMiXQ,False,True,True,False,False,False,False,0.282164,0.04009520652561564,0.04921256660350729,0.011059487598132842,0.040238057449460005,0.06505156062277294
2024,54, FanDuel,Gronk Misses The FanDuel Kick Of Destiny 2,id:dHvQIIOTNRQ,True,True,False,False,True,False,False,0.265853,0.04050655927871427,0.05030284092894618,0.017133888028873685,0.04115496006395133,0.04737647468760507
2024,56, Starry,Love Triangle,id:kXONxnPJiMI,False,True,True,True,True,False,False,0.589543,0.023523288979667045,0.049681176564523095,0.024872231100415972,0.03915509608175067,0.0643496759768043
2024,57, TurboTax,Make Your Moves Count,id:WOk4BDiXdhA,False,False,True,True,True,False,False,0.549157,0.06882855261983249,0.05095311121216839,0.0438067499771101,0.03957307509013579,0.061184621878367394
2024,58, Snapchat,Less Social Media. More Snapchat,id:plQzIQEGh8k,True,False,True,False,True,False,True,0.282109,0.10110474995902465,0.051402706546442786,0.03659187572699864,0.03981464489230084,0.06740399311030545
2024,59, Robert F. Kennedy Jr. campaign,American Values,id:nvXJJRjGVT4,False,False,True,False,False,False,False,0.256615,0.03853508285697186,0.040583358292600895,0.010239231914007971,0.03770375752023281,0.04908697207990497
2025,1,Budweiser,First Delivery,id:ms9Y5GvmvPs,False,False,False,True,False,False,False,0.320926,0.016628160927627585,0.04839479511470662,0.0155847835055153,0.032791118205724515,0.03703377667947534
2025,2,Lay's,The Little Farmer,id:gmzklpZFNiE,False,False,False,False,False,False,False,0.299292,0.054194932191499616,0.060243503988853475,0.030922720534726927,0.05345658031957486,0.07073474990736156
2025,3,Michelob ULTRA,The ULTRA Hustle,id:eAJW_-i4-kc,False,True,False,True,False,False,False,0.357959,0.08701101083840637,0.027063650491514327,0.05253084642546514,0.0515082272459819,0.08882828033529215
2025,4,Stella Artois,David and Dave,id:GAoeGC-eL4I,False,True,True,False,False,False,False,0.270578,0.10028475246259139,0.045967299245031776,0.039846936373838335,0.050805894139089695,0.07002284282020156
2025,5,NFL,Somebody,id:oY9Mlz99z0A,True,True,True,True,False,False,False,0.318278,0.08879893616374043,0.11987616794982123,0.05198718256184027,0.06278612914362117,0.05099259321203648
2025,6,NFL,Flag 50,id:GsqhcNnxfv4,False,True,True,True,True,False,False,0.35447,0.07548683849828579,0.05910319256197126,0.03548253603013495,0.06295536697975222,0.04843253345627866
2025,7,Bud Light,Big Men on Cul-De-Sac,id:x7qbswwBCDo,False,False,False,True,True,False,False,0.334854,0.04599135679059789,0.05450892650655337,0.021799687997970142,0.059815738656158905,0.04836792808824347
2025,8,Uber Eats,Century of Cravings,id:fIoMjrfGy28,False,False,False,False,False,False,False,0.264272,0.07895482057439425,0.04546383155975485,0.0293203857960179,0.049618834310344244,0.08401178781475337
2025,9,Hellmann's,When Sally Met Hellmann’s,id:RIXB-7RHjBY,False,False,True,True,False,False,False,0.373253,0.06233550980687137,0.027105599987719702,0.019006398025417797,0.04590559453104751,0.04767245567802867
2025,10,Pfizer,Knock Out,id:wNLhMZuA00c,False,True,False,True,True,False,False,0.366505,0.08373063238603722,0.06744169773800025,0.03955969331519939,0.0676936962242637,0.08331307646419317
2025,11,Doritos,Abduction (For the Bold),id:sIAnQwiCpRc,False,True,False,True,True,False,False,0.623518,0.019549102701234545,0.048265917938468635,0.015111606318636629,0.04517860822379584,0.03474107351087562
2025,12,Jeep,Owner's Manual,id:cDn_uFEXGXk,True,True,False,True,True,False,False,0.397113,0.0317189777536051,0.050813526906339126,0.028987244490001816,0.05714995041489599,0.03525918638167367
2025,13,Instacart,We're Here,id:nVUPazjaHl8,False,True,False,False,False,False,False,0.249405,0.048221591647182156,0.03631643690168852,0.021606989790286284,0.022241478780883173,0.053490342958165016
2025,14,Google,Dream Job,id:vj_CtEDYZ_I,True,True,False,False,False,False,False,0.248755,0.0465542673632236,0.04637428195648156,0.03561857463293038,0.040944363602570054,0.0634919031922306
2025,15,Dove,These Legs,id:6IxFsKqxLRA,False,False,True,False,False,False,False,0.221865,0.0347689875002418,0.021814917114430187,0.012745539148870272,0.024223692720988732,0.06750519674720372
2025,16,Novartis,"Your Attention, Please",id:vVCU6sg8cjk,False,True,True,True,True,False,False,0.378753,0.07424869425594803,0.1317775500938296,0.03988438629478743,0.10313790338779129,0.07926670061985659
2025,17,Foundation to Combat Antisemitism (FCAS),No Reason to Hate,id:AOxm8LmH7Y4,False,True,True,False,False,True,False,0.276182,0.0676390654274395,0.12621472039941825,0.04648153183183495,0.08106486408838201,0.07900256112750083
2025,18,Coors Light,Slow Monday,id:-7mq4_AodiA,True,True,False,True,True,False,False,0.335831,0.037415893728445664,0.019418346336377457,0.017729952904794843,0.031476615050009274,0.05008596356159868
2025,19,Ram Trucks,Goldilocks and the Three Trucks,id:_9ot1x4oEaQ,False,False,True,True,True,False,False,0.422896,0.03152784622673471,0.04653926042041605,0.023035602886271284,0.04173659421503539,0.032466111259002714
2025,20,WeatherTech,Whatever Comes Your Way,id:SvcpZ-GuOgo,False,True,True,False,True,False,False,0.295735,0.022875743179715045,0.039937384133892376,0.0113517561519984,0.042123581841587994,0.06054458879599608
2025,21,Pringles,Call of the Mustaches,id:0x-nGdi_3_o,False,True,True,True,True,False,False,0.392013,0.08284556929554251,0.03676902644469265,0.03140777541058399,0.04624642892408047,0.06637296929423293
2025,22,Little Caesars,Whoa!,id:KPeAKY73c10,False,True,True,False,False,False,False,0.248566,0.037106176785060285,0.023101218297545356,0.013335804884887373,0.014839714971770085,0.0480230890746627
2025,23,Rocket,Own The Dream,id:dPzTch6OJfI,False,True,True,False,True,False,False,0.295436,0.048705067911318324,0.08023303646062097,0.027325415797531567,0.04000906523849277,0.05899158761437446
2025,24,Mountain Dew,Kiss from a Lime,id:nUagP729T8w,False,False,True,True,True,False,False,0.385053,0.07461520883121657,0.03566621022930896,0.03917680184489912,0.027942095881527528,0.03394859031374962
2025,25,Booking.com,Get Your Stay Ridiculously Right,id:laBjQ9uJDg8,False,True,False,True,True,False,False,0.36828,0.057573888610516225,0.0380304655991494,0.020109817517056486,0.045636336726602125,0.05965652459168004
2025,26,He Gets Us,“What is Greatness?”,id:kV2Aq_OEmek,True,True,True,False,True,False,False,0.207649,0.08239682029400548,0.0983708425824131,0.04507145221744259,0.047405989441488425,0.047341937545154755
2025,27,Reese's,Don’t Eat Lava,id:tU_vZpbnYF4,False,True,False,True,True,False,False,0.442808,0.052166334539651825,0.0121253072117854,0.018488120783253386,0.027049596660903476,0.048874776265750194
2025,28,RITZ,RITZ Salty Club,id:Sq7uRqOldeQ,False,True,True,True,True,False,False,0.468605,0.06240667728707191,0.02275345865637057,0.035134970702763085,0.054021988955459385,0.04233607915562704
2025,29,Haagen-Dazs,"Not So Fast, Not So Furious",id:TTppVzG8gpU,False,True,False,True,True,False,False,0.328321,0.02121108775027093,0.04406335428856044,0.020057911239564373,0.041514213902077476,0.042437807670129155
2025,30,NerdWallet,Genius Beluga,id:3W9deDxEPjQ,False,False,False,False,False,False,False,0.237624,0.11826081446238926,0.03908377858377723,0.06584492432219637,0.057506683681692324,0.061680638517386095
2025,31,NERDS,Wonderful World of NERDS,id:nwcZ2dxPUo0,False,True,True,True,True,False,False,0.408632,0.025741261403475442,0.027922280505299518,0.00789048763357897,0.04411582858966926,0.05910740997642274
2025,32,Disney+,“What If”,id:2njFt_ZHut4,True,True,True,True,True,False,False,0.399517,0.042008351667651087,0.0731373221779774,0.023834619351483875,0.03646985345653121,0.04418635063671635
2025,33,Duracell,Brady Reboost,id:pIFNZ9NpLIE,True,True,False,False,False,False,False,0.222633,0.06102745299493623,0.01945381400541266,0.020092543414128614,0.03513198666873251,0.045272601049925545
2025,34,Dunkin’,DunKings 2,id:W5VzQ8OV3X0,False,True,True,True,True,False,False,0.5723,0.10161895986114225,0.0643943713312702,0.044406699196302406,0.07753543732687826,0.0674997697950207
2025,35,HexClad Cookware,Unidentified Frying Object,id:4GmRiL8W5H0,False,True,False,False,False,False,False,0.206049,0.10508626241769105,0.029936815379187402,0.06314232556947637,0.058843625110707065,0.07570373169811706
2025,36,Liquid Death,Safe For Work,id:jqtWWWhIMas,True,True,True,True,True,False,False,0.322886,0.023838645831814786,0.05424931091921664,0.021471513461853727,0.0334118115516113,0.06949370290551861
2025,37,Homes.com,Not Saying We’re the Best,id:1WnJyyyec1g,True,True,True,False,False,True,False,0.227255,0.07535422428378032,0.030532234068959916,0.038285921793430995,0.05227468897854638,0.0371953091201638
2025,38,Universal Pictures,How To Train Your Dragon | Big Game Spot,id:62-rXriXL3Q,False,True,True,False,False,True,False,0.271816,0.020978448243944712,0.03611332576256242,0.014458135676769757,0.03778049356769765,0.03819224446446496
2025,39,MSC Cruises,Let's Holiday,id:82msI_KFp9M,False,False,False,False,True,False,False,0.276191,0.09632432573541463,0.04807222996439249,0.037672262116601365,0.036187612238739196,0.036087100364134726
2025,40,Homes.com,Still Not Saying We’re the Best,id:vAbLsQGygmc,False,False,True,False,False,False,False,0.25609,0.0740092580871922,0.028615089851830644,0.0320001732108981,0.04459588112575663,0.023076465907173972
2025,41,Angel Soft,The Big Game Potty-tunity,id:I7KfNlBA9mo,False,False,False,True,True,False,False,0.516763,0.053751130508524994,0.03715557216533589,0.019350945317585487,0.0227956344772662,0.0633903788003538
2025,42,Totino’s Pizza Rolls,Chazmo Finally Goes Home,id:FIYkPHUiCW4,True,True,True,True,True,False,False,0.449721,0.029624099816594758,0.05822479115366664,0.023162841894996445,0.05163998462126719,0.027833901239292913
2025,43,Bosch,The More You Bosch,id:Zn_sUFnwHDg,True,True,False,True,False,False,False,0.330769,0.0411486202584845,0.03313696174217117,0.012846468994393885,0.02511527004784767,0.03002119396114717
2025,44,Ray-Ban | Meta,"Hey Meta, Who Eats Art? Ft. Chris Hemsworth, Chris Pratt and Kris Jenner | Ray-Ban Meta Glasses",id:-cqwXxUo_q8,False,True,True,True,False,False,False,0.316766,0.06878749047006875,0.038417949231474506,0.02083211604539033,0.03186415682679833,0.023667414379139773
2025,45,Taco Bell,The Fans,id:rzJPAqhIbXw,False,False,False,False,True,False,False,0.254885,0.05647852117461814,0.037028019828721816,0.025588659648617146,0.059414208254643816,0.054816547222435445
2025,46,Poppi,Soda Thoughts,id:4LDn46rb_gc,False,True,True,True,True,False,False,0.407409,0.10980877812419616,0.04667949174264706,0.0424067966639995,0.06730744060395014,0.07573861600831146
2025,47,TurboTax,Now Taxes is So Sweet,id:h0DQWw26bSg,False,True,False,False,False,False,False,0.263705,0.05255355829639092,0.05865618959069247,0.0206517388911119,0.0713526550081691,0.06332482009061742
2025,48,GoDaddy,Act Like You Know,id:Mc-XvA9sNKU,False,True,True,True,True,False,False,0.549221,0.1021336570382118,0.057809822208115,0.05614661366811815,0.049042852163048704,0.07194794042235501
2025,49,Hims & Hers,Sick of the System,id:l5l6QMNnqoc,False,True,True,True,True,False,False,0.405125,0.09483103326388763,0.0571941926011017,0.03890121927750957,0.052221947948315264,0.07057315322703546
2025,50,DoorDash,“DashPass Math”,id:_fHqcDASbGs,False,True,True,True,True,False,False,0.415344,0.041618458873459226,0.024449752484049073,0.024294448078476916,0.04554070839658376,0.04006906508335041
2025,51,T-Mobile,“A New Era in Connectivity”,id:HLw6ZovMpLI,True,False,False,True,True,False,False,0.359921,0.09598569231373918,0.05623522375244643,0.05146119269941529,0.030857743233043116,0.05551985225507187
2025,52,Squarespace,A Tale As Old As Websites,id:LC5V4aIoWes,False,True,False,False,False,True,False,0.150709,0.07231685108771277,0.1014017016468902,0.04984989717070539,0.03538123406469818,0.037431320468229876
2025,53,OpenAI,ChatGPT | The Intelligence Age,id:kIhb5pEo_j0,False,False,False,False,False,False,True,0.217506,0.04507337479839665,0.0379442518094687,0.036376518057659214,0.025624010525643743,0.030742428006072072
2025,54,Cirkul,You Got Cirkul,id:EJSxfrPf5qI,False,False,False,True,True,False,False,0.378316,0.09799785379852566,0.06829446948665589,0.040841393013085585,0.049077027583760834,0.023431556006627368
2025,55,Coffee mate,Foam Diva,id:PSWBmByCJSE,False,True,True,True,True,False,False,0.508513,0.08409764575106753,0.06533602515701199,0.043357168191245576,0.04409202999834499,0.03270323813360711
2025,56,Fetch,The Big Reward,id:-vmJfJVRyA0,True,False,False,True,True,False,False,0.525367,0.028620364171053656,0.0511787312637482,0.021426438283274955,0.038171036168932866,0.034741959820634494
2025,57,Tubi,The Z-Suite,id:6w2QWnl8KnE,True,True,False,False,False,False,False,0.139911,0.017285266766391128,0.02867647058197424,0.012599982467613,0.028508019303470557,0.046443370889340106
2026,1,Budweiser,American Icons,title:budweiser american icons,False,False,False,False,False,False,False,0.195813,0.08115724857364379,0.04510088818413867,0.04002779711570054,0.03899066208728719,0.04569992631025208
2026,2,Lay's,Last Harvest,title:lay s last harvest,False,True,True,True,True,False,False,0.333146,0.10191502858485488,0.04366387746163774,0.05264270321599067,0.0381830367658819,0.04456407626026439
2026,3,Pepsi,The Choice,title:choice pepsi,True,False,True,True,True,False,False,0.434092,0.07195698288934567,0.04754438150141917,0.04381762349179807,0.04042807013860767,0.06240242351777847
2026,4,Dunkin,Good Will Dunkin,title:good will dunkin,False,True,True,False,False,False,False,0.220564,0.10468831051673202,0.04730425556855539,0.06080767910129251,0.037865167483687345,0.04452231744570386
2026,6,Xfinity,Jurassic Park...Works,title:jurassic park works xfinity,False,True,False,True,True,False,False,0.308749,0.11210094988346093,0.04601863641291852,0.05636192038655278,0.03765405448419704,0.04260058694718666
2026,7,Novartis,Relax Your Tight End,title:relax your tight end,False,True,False,True,True,False,False,0.398564,0.15280891273702887,0.04609848194356471,0.08695855534502436,0.03924028229500561,0.049223101285419256
2026,8,NFL,Champion,title:champion,False,True,True,False,False,False,False,0.260172,0.1544424876570701,0.0474322788417339,0.10000910833477969,0.03971763551235195,0.06447475652343454
2026,9,Bud Light,Keg,title:30,False,True,False,False,False,False,False,0.278554,0.09016342892178462,0.050169213701571694,0.035380765795707675,0.03659901166600836,0.06982243981744558
2026,10,Ring,Search Party from Ring | Be A Hero In Your Neighborhood,title:search party ring be hero your neighborhood,True,False,False,False,False,False,False,0.195811,0.05991955782685957,0.04981429364000044,0.022072924588740356,0.04124790967575135,0.06705867499113079
2026,12,Rocket and Redfin,America Needs Neighbors Like You,title:america needs neighbors like you redfin x rocket mortgage,False,True,True,False,False,False,False,0.241342,0.09325781166553493,0.04673346674868034,0.049986180663108774,0.03895318502826346,0.0428372105250933
2026,13,State Farm,Stop Livin' on a Prayer,id:cIP_Qw7UQyY,False,True,True,False,True,False,False,0.212521,0.09627535673124446,0.03533116229809817,0.0354730456535305,0.05792033160105343,0.06757141957724729
2026,14,Dove,The Game is Ours,title:is ours,True,False,True,True,True,False,False,0.35582,0.08421183015619,0.049762392789125406,0.041551180609634884,0.03993355360414298,0.06572690143782109
2026,15,Uber Eats,Hungry for the Truth,title:hungry truth uber eats,False,True,True,False,False,False,False,0.269081,0.09429044244544842,0.044629249801593114,0.03357538984024094,0.039370844992143716,0.045247613839663726
2026,16,NFL,You Are Special,title:nfl you are special,False,True,True,False,True,False,False,0.275186,0.07942048002566603,0.050496733241847544,0.04555815479585099,0.03914203579936703,0.06562175495283938
2026,17,Blue Square Alliance Against Hate,Sticky Note,title:sticky note sb,False,True,True,True,False,True,False,0.33264,0.05254939544413766,0.04878780831183701,0.022492690650480117,0.03698191174439019,0.06274698394783104
2026,18,Bosch,Justaguy,title:boshi,True,True,True,True,True,False,False,0.341789,0.09495278682027539,0.04993535354733462,0.04605988226830956,0.04019893727132249,0.06547070229426023
2026,19,Universal Orlando Resort,Lil' Bro,title:universal orlando resort lil bro,False,True,False,True,True,False,False,0.376527,0.11602695956826208,0.045166873452918824,0.05048418284526891,0.03795379607805181,0.047575239757341944
2026,20,Toyota,Superhero Belt,title:superhero belt toyota,False,True,True,False,False,False,False,0.269172,0.030775461399129407,0.04822965062090323,0.024434763685400946,0.03672142928200107,0.06515166245933084
2026,21,Levi's,Backstory,title:backstory levi s behind every original,False,False,False,True,True,False,True,0.43714,0.06145926924488903,0.04926096930035517,0.031605970640001514,0.0411181465855666,0.06340195733521661
2026,22,Pringles,Pringleleo,title:pringles pringleleo,False,True,True,True,True,False,False,0.35101,0.10933201100145065,0.05039796951626025,0.0454385484169636,0.04091362133622166,0.06677971445689239
2026,23,Google,New Home,title:new home google gemini sb,True,False,False,False,False,False,False,0.146562,0.0808718128928116,0.040233158652803684,0.0361726861181003,0.04122347629496026,0.04679691929237113
2026,24,Toyota,Where Dreams Began,title:where dreams began toyota x nfl,True,True,False,True,True,True,False,0.340563,0.03848132890249995,0.04999525648142605,0.0227647239076239,0.03738457366291963,0.06541646299551106
2026,25,Hellmann's,Sweet Sandwich Time,title:hellmans,False,True,False,True,False,False,False,0.350862,0.0642577176115342,0.0495898952441556,0.02343030682365806,0.04093777074345517,0.06404160080211499
2026,27,Liquid I.V.,Take A Look,title:take look liquid i v day,False,False,False,False,True,False,False,0.293649,0.04735061334712161,0.049307842073695936,0.02281568324459447,0.04012035706213537,0.06516486671753223
2026,28,TurboTax,The Expert,title:expert adrien brody turbotax 45,False,True,False,False,False,False,False,0.175987,0.08524919524788852,0.04759655557572837,0.05172902155401447,0.03914683256298298,0.054377600271254746
2026,29,Kinder Bueno,Yes Bueno 2026,title:yes bueno,False,True,False,True,True,False,False,0.477418,0.06076140089758803,0.04795937421066416,0.02315239938242092,0.041131973692349,0.059581888258357356
2026,30,RITZ,RITZ Island,title:ritz island,True,True,True,True,True,False,False,0.378851,0.07149263769388195,0.05196510223405695,0.02480951155136733,0.03956593684852116,0.06922053782535448
2026,31,Instacart,Bananas,title:bananas instacart,False,True,False,True,False,False,False,0.351164,0.10807905186499865,0.0512135985174349,0.042486762734396076,0.03770129781748562,0.06995481838073045
2026,32,Grubhub,The Feest,title:grubhub feest,False,True,True,True,True,False,False,0.339396,0.10034192217780007,0.04875279052981306,0.057488942951230027,0.03912043145724699,0.06280543424322134
2026,33,He Gets Us,More,title:is there more life than more,False,False,True,True,True,False,True,0.322255,0.07192436914358814,0.04553117171994273,0.030298991341675987,0.0379067015435014,0.054348322392408034
2026,34,MAHA Center Inc.,MAHA Real Food by Mike Tyson,title:mike tyson takes on fight his life,False,True,True,False,False,False,True,0.000387,0.0971293382612722,0.04723579883575434,0.06809675533856661,0.04048794273819239,0.059129878619153545
2026,35,Boehringer Ingelheim,Mission: Detect the SOS,title:sos,False,True,True,True,True,False,False,0.465248,0.06733766307256048,0.04807964925255089,0.035801903007086334,0.03678275724606853,0.061734497314318966
2026,36,Volkswagen of America,The Great Invitation: Drivers wanted,title:vw,False,True,True,True,True,False,False,0.344471,0.0762137270399502,0.05010355891925944,0.024389004840382457,0.03748906802918224,0.06756466041718208
2026,37,Apartments.com and Homes.com,Can't Live There,title:can t live there homes com,True,False,False,True,True,False,False,0.337018,0.07620435005852151,0.05152344868651454,0.025501140958762554,0.0364444351622036,0.06577260368836242
2026,38,Cadillac Formula 1,Cadillac Formula 1 Team 2026 Livery Reveal | The Mission Begins,title:cadillac formula 1 team livery reveal mission begins,False,False,True,True,True,True,True,0.445137,0.04820852865065842,0.04211211511865254,0.030534397953722044,0.04070739267127851,0.05401609023766855
2026,39,Squarespace,Unavailable,title:,False,False,True,False,False,True,True,0.104566,0.09668583295175003,0.04259270498795166,0.06824868151119771,0.04122415488319733,0.06914302782222091
2026,40,Fanatics Sportsbook,Bet On Kendall with Fanatics Sportsbook,title:bet on kendall 30 fanatics sportsbook,False,False,True,False,False,False,False,0.224046,0.1141878734741892,0.05086054919021467,0.04120835970555029,0.038762690286551174,0.06745330230998135
2026,41,Hims & Hers,Rich People Live Longer,title:hims rich live longer,False,True,True,True,True,False,False,0.345404,0.06058059222996228,0.04591478290302407,0.03798110652382347,0.03871116121964791,0.04501400910583986
2026,42,NERDS,Taste Buds,title:nerds juicy gummy clusters andy cohen 30,False,True,True,True,True,False,False,0.474069,0.09400066573704988,0.052511668843882406,0.033946519451481895,0.03820385374128813,0.07249113603362013
2026,43,DraftKings,DraftKings Live-ish Super Bowl LX,title:draftkings live superbowl,False,False,True,False,False,False,False,0.269704,0.09474856715117176,0.048249170875975,0.027296947940651815,0.04027114233800337,0.06463006982313733
2026,44,Oakley Meta,Athletic Intelligence is Here - Part Two,title:oakley meta athletic intelligence is here part two,False,True,True,True,True,False,False,0.453242,0.07831054468240052,0.04958765975066589,0.029328254424035503,0.03798627842749864,0.06766338247273646
2026,45,OpenAI,You Can Just Build Things,title:openai codex you can just build things,False,True,False,False,True,True,False,0.259777,0.07959414156419886,0.04393537970525873,0.04678360032183778,0.03716898219926013,0.05517731608955982
2026,46,Anthropic,Can I get a six pack quickly?,title:can i get six pack quickly,False,True,True,False,False,False,False,0.263888,0.07738400756248401,0.049104814870016875,0.059018073723252275,0.03916497347610333,0.06117106422815201
2026,47,Oakley Meta,Athletic Intelligence is Here - Part One,title:oakley meta athletic intelligence is here part one,False,False,True,True,True,False,True,0.341286,0.054139173669474426,0.05103385491030554,0.024494235437097243,0.036544849776795854,0.06852711638701811
2026,49,poppi,Make it poppi,title:poppi poppi,False,True,True,True,True,False,False,0.309254,0.06939983655299453,0.049371273815631854,0.02009086184636019,0.03980281768100597,0.06287753902641784
2026,50,Wix,Wix Harmony: The New Way to Create,title:wix harmony new way create,False,False,False,False,False,False,False,0.275664,0.016967544036119043,0.048799589542405916,0.012237666008461755,0.03931272971842963,0.0668342637762959
2026,51,Salesforce,@MrBeast's Vault,title:salesforce mrbeast s vault,True,True,False,True,True,False,False,0.325985,0.1292678529662745,0.0453245192766189,0.039321014764053426,0.03946197229836664,0.05910474764116637
2026,52,Ro,Healthier on Ro,title:serena williams healthier on ro,False,False,False,True,False,False,False,0.320169,0.04500415027141565,0.05122895384473455,0.014527903569562845,0.03962780811956945,0.06854704179401905
2026,53,Svedka,Shake Your Bots Off,title:shake your bots off svedka,False,False,True,True,True,False,False,0.529414,0.073792568807091,0.04879191927611822,0.030034685480807462,0.03908457654927456,0.06769283085263197
2026,54,Coinbase,Everybody Coinbase,title:everybody coinbase,True,False,False,True,True,False,False,0.925333,0.06907684260181012,0.041654506006411116,0.037271295275006944,0.030179457153592732,0.05847956077860931
