sample,behavior_model,feature_group,feature_set,space,n,n_features,effective_features,neural_distance,rsa_spearman,p_perm_two_sided,n_perm,pair_count,mean_within_neural_distance,mean_between_neural_distance,between_minus_within,roi,window
common_clip_clap_asr_acr_tribe,continuous_admeter_distance,Baseline control,Duration only,standardized,398,1,1,euclidean,0.1554239392280578,0.0099009900990099,100,79003,,,,,
common_clip_clap_asr_acr_tribe,top_bottom25_category,Baseline control,Duration only,standardized,210,1,1,euclidean,0.226662203669548,0.0099009900990099,100,21945,0.8425338097262066,1.1817108405213157,0.3391770307951091,,
common_clip_clap_asr_acr_tribe,continuous_admeter_distance,Baseline control,Low-level video sensory,standardized,398,13,13,correlation,0.0009220422944054,0.7722772277227723,100,79003,,,,,
common_clip_clap_asr_acr_tribe,top_bottom25_category,Baseline control,Low-level video sensory,standardized,210,13,13,correlation,0.0067812143824994,0.3168316831683168,100,21945,0.997483454418415,1.0042444886065984,0.0067610341881834,,
common_clip_clap_asr_acr_tribe,continuous_admeter_distance,Baseline control,Low-level audio sensory,standardized,398,5,5,correlation,0.0035938185174018,0.2277227722772277,100,79003,,,,,
common_clip_clap_asr_acr_tribe,top_bottom25_category,Baseline control,Low-level audio sensory,standardized,210,5,5,correlation,0.0117136733606457,0.0594059405940594,100,21945,0.9975464496987724,1.0116033995673388,0.0140569498685663,,
common_clip_clap_asr_acr_tribe,continuous_admeter_distance,Baseline control,Low-level sensory all,standardized,398,20,20,correlation,0.0390211641788482,0.0099009900990099,100,79003,,,,,
common_clip_clap_asr_acr_tribe,top_bottom25_category,Baseline control,Low-level sensory all,standardized,210,20,20,correlation,0.0852415710687637,0.0099009900990099,100,21945,0.9694796621012188,1.0352768657244245,0.0657972036232055,,
common_clip_clap_asr_acr_tribe,continuous_admeter_distance,Baseline modality,CLIP visual embedding,pca50,398,512,50,correlation,0.0445500090718269,0.0099009900990099,100,79003,,,,,
common_clip_clap_asr_acr_tribe,top_bottom25_category,Baseline modality,CLIP visual embedding,pca50,210,512,50,correlation,0.0927901417016983,0.0099009900990099,100,21945,0.9856894327336182,1.0202733272738884,0.0345838945402702,,
common_clip_clap_asr_acr_tribe,continuous_admeter_distance,Baseline modality,CLAP audio embedding,pca50,398,512,50,correlation,0.0343914739787578,0.0099009900990099,100,79003,,,,,
common_clip_clap_asr_acr_tribe,top_bottom25_category,Baseline modality,CLAP audio embedding,pca50,210,512,50,correlation,0.0397564843297004,0.0099009900990099,100,21945,0.9928041025386208,1.0132308991515968,0.020426796612976,,
common_clip_clap_asr_acr_tribe,continuous_admeter_distance,Baseline modality,ASR text embedding/meta,pca50,398,518,50,correlation,0.010692742653191,0.0099009900990099,100,79003,,,,,
common_clip_clap_asr_acr_tribe,top_bottom25_category,Baseline modality,ASR text embedding/meta,pca50,210,518,50,correlation,0.0185377392917871,0.0396039603960396,100,21945,0.9964703120595092,1.0013357958549525,0.0048654837954432,,
common_clip_clap_asr_acr_tribe,continuous_admeter_distance,Baseline modality,ACR content tags,standardized,398,44,44,correlation,0.0469622090458869,0.0099009900990099,100,79003,,,,,
common_clip_clap_asr_acr_tribe,top_bottom25_category,Baseline modality,ACR content tags,standardized,210,44,44,correlation,0.0807486772537231,0.0099009900990099,100,21945,0.9817541581245136,1.0230203085929073,0.0412661504683936,,
common_clip_clap_asr_acr_tribe,continuous_admeter_distance,Baseline cue,OCR timing,standardized,398,13,13,correlation,0.0081636635586619,0.0792079207920792,100,79003,,,,,
common_clip_clap_asr_acr_tribe,top_bottom25_category,Baseline cue,OCR timing,standardized,210,13,13,correlation,-0.0022844925988465,0.6831683168316832,100,21945,0.9909286894911092,0.9896271507498028,-0.0013015387413062,,
common_clip_clap_asr_acr_tribe,continuous_admeter_distance,Baseline cue,CLIP content timing all,standardized,398,48,48,correlation,0.0281949900090694,0.0099009900990099,100,79003,,,,,
common_clip_clap_asr_acr_tribe,top_bottom25_category,Baseline cue,CLIP content timing all,standardized,210,48,48,correlation,0.0682525113224983,0.0099009900990099,100,21945,0.9825466031256954,1.0242201135479692,0.0416735104222737,,
common_clip_clap_asr_acr_tribe,continuous_admeter_distance,TRIBE set,TRIBE 3ROI abs,standardized,398,21,21,correlation,0.0381068363785743,0.0099009900990099,100,79003,,,,,
common_clip_clap_asr_acr_tribe,top_bottom25_category,TRIBE set,TRIBE 3ROI abs,standardized,210,21,21,correlation,0.1139235571026802,0.0099009900990099,100,21945,0.9599019045862748,1.0437841830822123,0.0838822784959376,,
common_clip_clap_asr_acr_tribe,continuous_admeter_distance,TRIBE set,TRIBE 5ROI abs,standardized,398,35,35,correlation,0.0657171383500099,0.0099009900990099,100,79003,,,,,
common_clip_clap_asr_acr_tribe,top_bottom25_category,TRIBE set,TRIBE 5ROI abs,standardized,210,35,35,correlation,0.1610118746757507,0.0099009900990099,100,21945,0.948586386744568,1.0574496881706188,0.1088633014260509,,
common_clip_clap_asr_acr_tribe,continuous_admeter_distance,TRIBE set,TRIBE 5ROI signed,standardized,398,35,35,correlation,0.0487194061279296,0.0099009900990099,100,79003,,,,,
common_clip_clap_asr_acr_tribe,top_bottom25_category,TRIBE set,TRIBE 5ROI signed,standardized,210,35,35,correlation,0.1209257468581199,0.0099009900990099,100,21945,0.9510430887188324,1.0531674958007893,0.1021244070819568,,
common_clip_clap_asr_acr_tribe,continuous_admeter_distance,TRIBE set,TRIBE all available ROI abs,pca50,398,77,50,correlation,0.0580794848501682,0.0099009900990099,100,79003,,,,,
common_clip_clap_asr_acr_tribe,top_bottom25_category,TRIBE set,TRIBE all available ROI abs,pca50,210,77,50,correlation,0.1464166045188903,0.0099009900990099,100,21945,0.9526993044615598,1.050855532148,0.0981562276864401,,
common_clip_clap_asr_acr_tribe,continuous_admeter_distance,Combined,CLIP + TRIBE 5ROI,pca50,398,547,50,correlation,0.0513787828385829,0.0099009900990099,100,79003,,,,,
common_clip_clap_asr_acr_tribe,top_bottom25_category,Combined,CLIP + TRIBE 5ROI,pca50,210,547,50,correlation,0.1233131885528564,0.0099009900990099,100,21945,0.9808598135430628,1.0255901765395736,0.0447303629965109,,
common_clip_clap_asr_acr_tribe,continuous_admeter_distance,Combined,CLAP + TRIBE 5ROI,pca50,398,547,50,correlation,0.0411846190690994,0.0099009900990099,100,79003,,,,,
common_clip_clap_asr_acr_tribe,top_bottom25_category,Combined,CLAP + TRIBE 5ROI,pca50,210,547,50,correlation,0.0583202987909317,0.0099009900990099,100,21945,0.9888022890916514,1.0175072880735996,0.0287049989819482,,
common_clip_clap_asr_acr_tribe,continuous_admeter_distance,Combined,ASR + TRIBE 5ROI,pca50,398,553,50,correlation,0.0352046377956867,0.0099009900990099,100,79003,,,,,
common_clip_clap_asr_acr_tribe,top_bottom25_category,Combined,ASR + TRIBE 5ROI,pca50,210,553,50,correlation,0.0754188150167465,0.0099009900990099,100,21945,0.990003556560042,1.0113945689546682,0.021391012394626,,
common_clip_clap_asr_acr_tribe,continuous_admeter_distance,Combined,ACR + TRIBE 5ROI,pca50,398,79,50,correlation,0.0601101927459239,0.0099009900990099,100,79003,,,,,
common_clip_clap_asr_acr_tribe,top_bottom25_category,Combined,ACR + TRIBE 5ROI,pca50,210,79,50,correlation,0.147428810596466,0.0099009900990099,100,21945,0.9653540058920714,1.041991815306602,0.0766378094145304,,
common_clip_clap_asr_acr_tribe,continuous_admeter_distance,Combined,OCR + TRIBE 5ROI,standardized,398,48,48,correlation,0.0614548064768314,0.0099009900990099,100,79003,,,,,
common_clip_clap_asr_acr_tribe,top_bottom25_category,Combined,OCR + TRIBE 5ROI,standardized,210,48,48,correlation,0.1618819534778595,0.0099009900990099,100,21945,0.956333482820177,1.050088137090426,0.0937546542702489,,
common_clip_clap_asr_acr_tribe,continuous_admeter_distance,Combined,Content timing + TRIBE 5ROI,pca50,398,83,50,correlation,0.0626189559698104,0.0099009900990099,100,79003,,,,,
common_clip_clap_asr_acr_tribe,top_bottom25_category,Combined,Content timing + TRIBE 5ROI,pca50,210,83,50,correlation,0.1640739291906356,0.0099009900990099,100,21945,0.9643419420721346,1.0439814493792967,0.079639507307162,,
common_clip_clap_asr_acr_tribe,continuous_admeter_distance,Combined,CLIP+CLAP+ASR+ACR,pca50,398,1586,50,correlation,0.0477671362459659,0.0099009900990099,100,79003,,,,,
common_clip_clap_asr_acr_tribe,top_bottom25_category,Combined,CLIP+CLAP+ASR+ACR,pca50,210,1586,50,correlation,0.0724460408091545,0.0099009900990099,100,21945,0.9898798549595504,1.0176362723564565,0.0277564173969058,,
common_clip_clap_asr_acr_tribe,continuous_admeter_distance,Combined,CLIP+CLAP+ASR+ACR+TRIBE,pca50,398,1621,50,correlation,0.0530235096812248,0.0099009900990099,100,79003,,,,,
common_clip_clap_asr_acr_tribe,top_bottom25_category,Combined,CLIP+CLAP+ASR+ACR+TRIBE,pca50,210,1621,50,correlation,0.0874920263886451,0.0099009900990099,100,21945,0.9874522543074086,1.0199870875253652,0.0325348332179565,,
common_clip_clap_asr_acr_tribe,continuous_admeter_distance,Combined,All non-TRIBE baselines,pca50,398,1667,50,correlation,0.0506864003837108,0.0099009900990099,100,79003,,,,,
common_clip_clap_asr_acr_tribe,top_bottom25_category,Combined,All non-TRIBE baselines,pca50,210,1667,50,correlation,0.0825427398085594,0.0099009900990099,100,21945,0.9880141251815652,1.0192222397979755,0.0312081146164103,,
common_clip_clap_asr_acr_tribe,continuous_admeter_distance,Combined,All non-TRIBE baselines + TRIBE,pca50,398,1702,50,correlation,0.0545028895139694,0.0099009900990099,100,79003,,,,,
common_clip_clap_asr_acr_tribe,top_bottom25_category,Combined,All non-TRIBE baselines + TRIBE,pca50,210,1702,50,correlation,0.097253605723381,0.0099009900990099,100,21945,0.9857591519664408,1.0215100874773246,0.0357509355108837,,
common_clip_clap_asr_acr_tribe,continuous_admeter_distance,TRIBE ROI,TRIBE ROI dlPFC,standardized,398,7,7,correlation,0.0284032449126243,0.0099009900990099,100,79003,,,,cortical_dlPFC,
common_clip_clap_asr_acr_tribe,top_bottom25_category,TRIBE ROI,TRIBE ROI dlPFC,standardized,210,7,7,correlation,0.0414961464703083,0.0099009900990099,100,21945,0.9573568172754732,1.00182984478875,0.044473027513277,cortical_dlPFC,
common_clip_clap_asr_acr_tribe,continuous_admeter_distance,TRIBE ROI,TRIBE ROI Amygdala,standardized,398,7,7,correlation,0.0172166619449853,0.0099009900990099,100,79003,,,,subcortical_amygdala,
common_clip_clap_asr_acr_tribe,top_bottom25_category,TRIBE ROI,TRIBE ROI Amygdala,standardized,210,7,7,correlation,0.0344647243618965,0.0099009900990099,100,21945,0.9806432046415394,1.019905018532408,0.0392618138908686,subcortical_amygdala,
common_clip_clap_asr_acr_tribe,continuous_admeter_distance,TRIBE ROI,TRIBE ROI vmPFC,standardized,398,7,7,correlation,0.0196019820868968,0.0198019801980198,100,79003,,,,cortical_vmPFC_proxy,
common_clip_clap_asr_acr_tribe,top_bottom25_category,TRIBE ROI,TRIBE ROI vmPFC,standardized,210,7,7,correlation,0.0321764051914215,0.0198019801980198,100,21945,0.9757375466600188,1.0081578842616916,0.0324203376016728,cortical_vmPFC_proxy,
common_clip_clap_asr_acr_tribe,continuous_admeter_distance,TRIBE ROI,TRIBE ROI Hippocampus,standardized,398,7,7,correlation,0.0310942791402339,0.0099009900990099,100,79003,,,,subcortical_hippocampus,
common_clip_clap_asr_acr_tribe,top_bottom25_category,TRIBE ROI,TRIBE ROI Hippocampus,standardized,210,7,7,correlation,0.0682694315910339,0.0099009900990099,100,21945,0.9649285165087128,1.0396456887075394,0.0747171721988265,subcortical_hippocampus,
common_clip_clap_asr_acr_tribe,continuous_admeter_distance,TRIBE ROI,TRIBE ROI Ventral striatum,standardized,398,7,7,correlation,0.0795598402619361,0.0099009900990099,100,79003,,,,subcortical_ventral_striatum_accumbens,
common_clip_clap_asr_acr_tribe,top_bottom25_category,TRIBE ROI,TRIBE ROI Ventral striatum,standardized,210,7,7,correlation,0.1483295708894729,0.0099009900990099,100,21945,0.9043468997648982,1.092366009511525,0.1880191097466268,subcortical_ventral_striatum_accumbens,
common_clip_clap_asr_acr_tribe,continuous_admeter_distance,TRIBE time window,TRIBE window Whole,standardized,398,5,5,correlation,0.0703427419066429,0.0099009900990099,100,79003,,,,,whole
common_clip_clap_asr_acr_tribe,top_bottom25_category,TRIBE time window,TRIBE window Whole,standardized,210,5,5,correlation,0.1775040626525879,0.0099009900990099,100,21945,0.8992131115563952,1.103654565543853,0.2044414539874578,,whole
common_clip_clap_asr_acr_tribe,continuous_admeter_distance,TRIBE time window,TRIBE window 25-75%,standardized,398,5,5,correlation,0.0688596293330192,0.0099009900990099,100,79003,,,,,pct25_75
common_clip_clap_asr_acr_tribe,top_bottom25_category,TRIBE time window,TRIBE window 25-75%,standardized,210,5,5,correlation,0.1859621405601501,0.0099009900990099,100,21945,0.8986519207911774,1.1078354908345576,0.2091835700433801,,pct25_75
common_clip_clap_asr_acr_tribe,continuous_admeter_distance,TRIBE time window,TRIBE window 50-100%,standardized,398,5,5,correlation,0.0431676730513572,0.0099009900990099,100,79003,,,,,pct50_100
common_clip_clap_asr_acr_tribe,top_bottom25_category,TRIBE time window,TRIBE window 50-100%,standardized,210,5,5,correlation,0.106698639690876,0.0099009900990099,100,21945,0.942260351792437,1.06344073866454,0.1211803868721029,,pct50_100
common_clip_clap_asr_acr_tribe,continuous_admeter_distance,TRIBE time window,TRIBE window Last 5s,standardized,398,5,5,correlation,0.0210235938429832,0.0099009900990099,100,79003,,,,,last5
common_clip_clap_asr_acr_tribe,top_bottom25_category,TRIBE time window,TRIBE window Last 5s,standardized,210,5,5,correlation,0.0443161763250827,0.0099009900990099,100,21945,0.975399938597702,1.025538519675799,0.0501385810780968,,last5
common_clip_clap_asr_acr_tribe,continuous_admeter_distance,TRIBE time window,TRIBE window Temporal SD,standardized,398,5,5,correlation,0.0013471600832417,0.8415841584158416,100,79003,,,,,std
common_clip_clap_asr_acr_tribe,top_bottom25_category,TRIBE time window,TRIBE window Temporal SD,standardized,210,5,5,correlation,-0.001816083677113,0.8118811881188119,100,21945,1.0020249521117524,1.0001144485450064,-0.0019105035667459,,std
common_clip_clap_asr_acr_tribe,continuous_admeter_distance,TRIBE time window,TRIBE window Peak 10s,standardized,398,5,5,correlation,0.0307456795126199,0.0099009900990099,100,79003,,,,,rolling_peak_10s
common_clip_clap_asr_acr_tribe,top_bottom25_category,TRIBE time window,TRIBE window Peak 10s,standardized,210,5,5,correlation,0.0865280181169509,0.0099009900990099,100,21945,0.954516458549691,1.0509531482972645,0.0964366897475732,,rolling_peak_10s
common_clip_clap_asr_acr_tribe,continuous_admeter_distance,TRIBE time window,TRIBE window Abs peak 10s,standardized,398,5,5,correlation,0.0136260576546192,0.0099009900990099,100,79003,,,,,rolling_abs_peak_10s
common_clip_clap_asr_acr_tribe,top_bottom25_category,TRIBE time window,TRIBE window Abs peak 10s,standardized,210,5,5,correlation,0.0532526485621929,0.0099009900990099,100,21945,0.9719990304926586,1.0323523101550005,0.0603532796623419,,rolling_abs_peak_10s
common_clip_clap_asr_acr_tribe,continuous_admeter_distance,TRIBE ROI-window cell,dlPFC Whole,standardized,398,1,1,euclidean,0.0630192905664444,0.0099009900990099,100,79003,,,,cortical_dlPFC,whole
common_clip_clap_asr_acr_tribe,top_bottom25_category,TRIBE ROI-window cell,dlPFC Whole,standardized,210,1,1,euclidean,0.1459474265575409,0.0099009900990099,100,21945,1.028279714149322,1.2696329304160556,0.2413532162667335,cortical_dlPFC,whole
common_clip_clap_asr_acr_tribe,continuous_admeter_distance,TRIBE ROI-window cell,dlPFC 25-75%,standardized,398,1,1,euclidean,0.0430662743747234,0.0297029702970297,100,79003,,,,cortical_dlPFC,pct25_75
common_clip_clap_asr_acr_tribe,top_bottom25_category,TRIBE ROI-window cell,dlPFC 25-75%,standardized,210,1,1,euclidean,0.1109643056988716,0.0099009900990099,100,21945,1.043672223182676,1.236224634101755,0.192552410919079,cortical_dlPFC,pct25_75
common_clip_clap_asr_acr_tribe,continuous_admeter_distance,TRIBE ROI-window cell,dlPFC 50-100%,standardized,398,1,1,euclidean,0.0129323881119489,0.4257425742574257,100,79003,,,,cortical_dlPFC,pct50_100
common_clip_clap_asr_acr_tribe,top_bottom25_category,TRIBE ROI-window cell,dlPFC 50-100%,standardized,210,1,1,euclidean,0.0428234040737152,0.0099009900990099,100,21945,1.100003812139665,1.1818039376078946,0.0818001254682296,cortical_dlPFC,pct50_100
common_clip_clap_asr_acr_tribe,continuous_admeter_distance,TRIBE ROI-window cell,dlPFC Last 5s,standardized,398,1,1,euclidean,0.0356580317020416,0.0297029702970297,100,79003,,,,cortical_dlPFC,last5
common_clip_clap_asr_acr_tribe,top_bottom25_category,TRIBE ROI-window cell,dlPFC Last 5s,standardized,210,1,1,euclidean,0.0513380691409111,0.0099009900990099,100,21945,1.100768136643763,1.194732601052938,0.093964464409175,cortical_dlPFC,last5
common_clip_clap_asr_acr_tribe,continuous_admeter_distance,TRIBE ROI-window cell,dlPFC Temporal SD,standardized,398,1,1,euclidean,0.0015149473911151,0.9405940594059404,100,79003,,,,cortical_dlPFC,std
common_clip_clap_asr_acr_tribe,top_bottom25_category,TRIBE ROI-window cell,dlPFC Temporal SD,standardized,210,1,1,euclidean,0.0206105336546897,0.0099009900990099,100,21945,1.0710740916577368,1.1144377675031023,0.0433636758453657,cortical_dlPFC,std
common_clip_clap_asr_acr_tribe,continuous_admeter_distance,TRIBE ROI-window cell,dlPFC Peak 10s,standardized,398,1,1,euclidean,0.0741184800863266,0.0099009900990099,100,79003,,,,cortical_dlPFC,rolling_peak_10s
common_clip_clap_asr_acr_tribe,top_bottom25_category,TRIBE ROI-window cell,dlPFC Peak 10s,standardized,210,1,1,euclidean,0.1389361768960952,0.0099009900990099,100,21945,1.0201570856846358,1.2642215726467827,0.2440644869621469,cortical_dlPFC,rolling_peak_10s
common_clip_clap_asr_acr_tribe,continuous_admeter_distance,TRIBE ROI-window cell,dlPFC Abs peak 10s,standardized,398,1,1,euclidean,0.0714216381311416,0.0099009900990099,100,79003,,,,cortical_dlPFC,rolling_abs_peak_10s
common_clip_clap_asr_acr_tribe,top_bottom25_category,TRIBE ROI-window cell,dlPFC Abs peak 10s,standardized,210,1,1,euclidean,0.1375675946474075,0.0099009900990099,100,21945,1.0223514453787474,1.2601081353684525,0.237756689989705,cortical_dlPFC,rolling_abs_peak_10s
common_clip_clap_asr_acr_tribe,continuous_admeter_distance,TRIBE ROI-window cell,Amygdala Whole,standardized,398,1,1,euclidean,-0.003741480410099,0.8217821782178217,100,79003,,,,subcortical_amygdala,whole
common_clip_clap_asr_acr_tribe,top_bottom25_category,TRIBE ROI-window cell,Amygdala Whole,standardized,210,1,1,euclidean,0.0199477653950452,0.0099009900990099,100,21945,1.0982879873641893,1.1344876374150914,0.036199650050902,subcortical_amygdala,whole
common_clip_clap_asr_acr_tribe,continuous_admeter_distance,TRIBE ROI-window cell,Amygdala 25-75%,standardized,398,1,1,euclidean,0.0121432663872838,0.3861386138613861,100,79003,,,,subcortical_amygdala,pct25_75
common_clip_clap_asr_acr_tribe,top_bottom25_category,TRIBE ROI-window cell,Amygdala 25-75%,standardized,210,1,1,euclidean,0.0278417114168405,0.0099009900990099,100,21945,1.1003863703301726,1.151850702816153,0.0514643324859807,subcortical_amygdala,pct25_75
common_clip_clap_asr_acr_tribe,continuous_admeter_distance,TRIBE ROI-window cell,Amygdala 50-100%,standardized,398,1,1,euclidean,-0.0151876891031861,0.495049504950495,100,79003,,,,subcortical_amygdala,pct50_100
common_clip_clap_asr_acr_tribe,top_bottom25_category,TRIBE ROI-window cell,Amygdala 50-100%,standardized,210,1,1,euclidean,-0.0041673867963254,0.3861386138613861,100,21945,1.0788082007137252,1.0715809222908408,-0.0072272784228843,subcortical_amygdala,pct50_100
common_clip_clap_asr_acr_tribe,continuous_admeter_distance,TRIBE ROI-window cell,Amygdala Last 5s,standardized,398,1,1,euclidean,-0.0220397878438234,0.2376237623762376,100,79003,,,,subcortical_amygdala,last5
common_clip_clap_asr_acr_tribe,top_bottom25_category,TRIBE ROI-window cell,Amygdala Last 5s,standardized,210,1,1,euclidean,0.009798839688301,0.0693069306930693,100,21945,0.9526253506278608,0.978119051693561,0.0254937010657001,subcortical_amygdala,last5
common_clip_clap_asr_acr_tribe,continuous_admeter_distance,TRIBE ROI-window cell,Amygdala Temporal SD,standardized,398,1,1,euclidean,0.0122234551236033,0.4158415841584158,100,79003,,,,subcortical_amygdala,std
common_clip_clap_asr_acr_tribe,top_bottom25_category,TRIBE ROI-window cell,Amygdala Temporal SD,standardized,210,1,1,euclidean,0.0209299549460411,0.0198019801980198,100,21945,1.1203374385339795,1.143987434086351,0.0236499955523712,subcortical_amygdala,std
common_clip_clap_asr_acr_tribe,continuous_admeter_distance,TRIBE ROI-window cell,Amygdala Peak 10s,standardized,398,1,1,euclidean,0.0305832382291555,0.0495049504950495,100,79003,,,,subcortical_amygdala,rolling_peak_10s
common_clip_clap_asr_acr_tribe,top_bottom25_category,TRIBE ROI-window cell,Amygdala Peak 10s,standardized,210,1,1,euclidean,0.0069341859780251,0.1188118811881188,100,21945,1.1336335097488863,1.1411308382591712,0.0074973285102846,subcortical_amygdala,rolling_peak_10s
common_clip_clap_asr_acr_tribe,continuous_admeter_distance,TRIBE ROI-window cell,Amygdala Abs peak 10s,standardized,398,1,1,euclidean,-0.0045700729824602,0.8217821782178217,100,79003,,,,subcortical_amygdala,rolling_abs_peak_10s
common_clip_clap_asr_acr_tribe,top_bottom25_category,TRIBE ROI-window cell,Amygdala Abs peak 10s,standardized,210,1,1,euclidean,0.0190368238836526,0.0198019801980198,100,21945,1.0509393515379504,1.0737682791556102,0.0228289276176598,subcortical_amygdala,rolling_abs_peak_10s
common_clip_clap_asr_acr_tribe,continuous_admeter_distance,TRIBE ROI-window cell,vmPFC Whole,standardized,398,1,1,euclidean,0.0118896029889583,0.3267326732673267,100,79003,,,,cortical_vmPFC_proxy,whole
common_clip_clap_asr_acr_tribe,top_bottom25_category,TRIBE ROI-window cell,vmPFC Whole,standardized,210,1,1,euclidean,0.0602350570261478,0.0099009900990099,100,21945,1.084899443605808,1.1842697474042156,0.0993703037984077,cortical_vmPFC_proxy,whole
common_clip_clap_asr_acr_tribe,continuous_admeter_distance,TRIBE ROI-window cell,vmPFC 25-75%,standardized,398,1,1,euclidean,0.0048651038669049,0.7128712871287128,100,79003,,,,cortical_vmPFC_proxy,pct25_75
common_clip_clap_asr_acr_tribe,top_bottom25_category,TRIBE ROI-window cell,vmPFC 25-75%,standardized,210,1,1,euclidean,0.0293140597641468,0.0099009900990099,100,21945,1.0930676152761658,1.150871158163141,0.0578035428869752,cortical_vmPFC_proxy,pct25_75
common_clip_clap_asr_acr_tribe,continuous_admeter_distance,TRIBE ROI-window cell,vmPFC 50-100%,standardized,398,1,1,euclidean,-0.0160784963518381,0.2178217821782178,100,79003,,,,cortical_vmPFC_proxy,pct50_100
common_clip_clap_asr_acr_tribe,top_bottom25_category,TRIBE ROI-window cell,vmPFC 50-100%,standardized,210,1,1,euclidean,0.0130153130739927,0.0594059405940594,100,21945,1.1079208644913654,1.1356092593856284,0.027688394894263,cortical_vmPFC_proxy,pct50_100
common_clip_clap_asr_acr_tribe,continuous_admeter_distance,TRIBE ROI-window cell,vmPFC Last 5s,standardized,398,1,1,euclidean,-0.0021173255518078,0.8712871287128713,100,79003,,,,cortical_vmPFC_proxy,last5
common_clip_clap_asr_acr_tribe,top_bottom25_category,TRIBE ROI-window cell,vmPFC Last 5s,standardized,210,1,1,euclidean,0.0333776138722896,0.0198019801980198,100,21945,1.078777151727959,1.1508638488337026,0.0720866971057436,cortical_vmPFC_proxy,last5
common_clip_clap_asr_acr_tribe,continuous_admeter_distance,TRIBE ROI-window cell,vmPFC Temporal SD,standardized,398,1,1,euclidean,0.0090204514563083,0.5445544554455446,100,79003,,,,cortical_vmPFC_proxy,std
common_clip_clap_asr_acr_tribe,top_bottom25_category,TRIBE ROI-window cell,vmPFC Temporal SD,standardized,210,1,1,euclidean,0.0347595736384391,0.0099009900990099,100,21945,1.0555904960513909,1.1272461591378016,0.0716556630864106,cortical_vmPFC_proxy,std
common_clip_clap_asr_acr_tribe,continuous_admeter_distance,TRIBE ROI-window cell,vmPFC Peak 10s,standardized,398,1,1,euclidean,0.0232933349907398,0.099009900990099,100,79003,,,,cortical_vmPFC_proxy,rolling_peak_10s
common_clip_clap_asr_acr_tribe,top_bottom25_category,TRIBE ROI-window cell,vmPFC Peak 10s,standardized,210,1,1,euclidean,0.1001138165593147,0.0099009900990099,100,21945,1.0327542847533406,1.2109846908103103,0.1782304060569697,cortical_vmPFC_proxy,rolling_peak_10s
common_clip_clap_asr_acr_tribe,continuous_admeter_distance,TRIBE ROI-window cell,vmPFC Abs peak 10s,standardized,398,1,1,euclidean,0.0192847717553377,0.1881188118811881,100,79003,,,,cortical_vmPFC_proxy,rolling_abs_peak_10s
common_clip_clap_asr_acr_tribe,top_bottom25_category,TRIBE ROI-window cell,vmPFC Abs peak 10s,standardized,210,1,1,euclidean,0.0986252203583717,0.0099009900990099,100,21945,1.0206341529092386,1.199065872955464,0.1784317200462253,cortical_vmPFC_proxy,rolling_abs_peak_10s
common_clip_clap_asr_acr_tribe,continuous_admeter_distance,TRIBE ROI-window cell,Hippocampus Whole,standardized,398,1,1,euclidean,-0.014236262999475,0.3366336633663366,100,79003,,,,subcortical_hippocampus,whole
common_clip_clap_asr_acr_tribe,top_bottom25_category,TRIBE ROI-window cell,Hippocampus Whole,standardized,210,1,1,euclidean,0.0043994677253067,0.4158415841584158,100,21945,1.1170803772557607,1.1269936473297293,0.0099132700739685,subcortical_hippocampus,whole
common_clip_clap_asr_acr_tribe,continuous_admeter_distance,TRIBE ROI-window cell,Hippocampus 25-75%,standardized,398,1,1,euclidean,-0.0148634547367692,0.3168316831683168,100,79003,,,,subcortical_hippocampus,pct25_75
common_clip_clap_asr_acr_tribe,top_bottom25_category,TRIBE ROI-window cell,Hippocampus 25-75%,standardized,210,1,1,euclidean,0.0060799922794103,0.2178217821782178,100,21945,1.1109033461992357,1.1212880902145843,0.010384744015349,subcortical_hippocampus,pct25_75
common_clip_clap_asr_acr_tribe,continuous_admeter_distance,TRIBE ROI-window cell,Hippocampus 50-100%,standardized,398,1,1,euclidean,-0.0048991926014423,0.7326732673267327,100,79003,,,,subcortical_hippocampus,pct50_100
common_clip_clap_asr_acr_tribe,top_bottom25_category,TRIBE ROI-window cell,Hippocampus 50-100%,standardized,210,1,1,euclidean,0.0444986969232559,0.0099009900990099,100,21945,1.077307527381666,1.1525653959806537,0.0752578685989875,subcortical_hippocampus,pct50_100
common_clip_clap_asr_acr_tribe,continuous_admeter_distance,TRIBE ROI-window cell,Hippocampus Last 5s,standardized,398,1,1,euclidean,0.0130705228075385,0.396039603960396,100,79003,,,,subcortical_hippocampus,last5
common_clip_clap_asr_acr_tribe,top_bottom25_category,TRIBE ROI-window cell,Hippocampus Last 5s,standardized,210,1,1,euclidean,0.0264314226806163,0.0198019801980198,100,21945,1.0822695966224871,1.127078110021014,0.0448085133985267,subcortical_hippocampus,last5
common_clip_clap_asr_acr_tribe,continuous_admeter_distance,TRIBE ROI-window cell,Hippocampus Temporal SD,standardized,398,1,1,euclidean,0.0266390554606914,0.0495049504950495,100,79003,,,,subcortical_hippocampus,std
common_clip_clap_asr_acr_tribe,top_bottom25_category,TRIBE ROI-window cell,Hippocampus Temporal SD,standardized,210,1,1,euclidean,0.0245076790452003,0.0099009900990099,100,21945,1.1265179592719186,1.1698870843395972,0.0433691250676786,subcortical_hippocampus,std
common_clip_clap_asr_acr_tribe,continuous_admeter_distance,TRIBE ROI-window cell,Hippocampus Peak 10s,standardized,398,1,1,euclidean,0.0348460897803306,0.0891089108910891,100,79003,,,,subcortical_hippocampus,rolling_peak_10s
common_clip_clap_asr_acr_tribe,top_bottom25_category,TRIBE ROI-window cell,Hippocampus Peak 10s,standardized,210,1,1,euclidean,0.0260696746408939,0.0099009900990099,100,21945,1.0586534084510466,1.0997348363098054,0.0410814278587587,subcortical_hippocampus,rolling_peak_10s
common_clip_clap_asr_acr_tribe,continuous_admeter_distance,TRIBE ROI-window cell,Hippocampus Abs peak 10s,standardized,398,1,1,euclidean,0.0252956971526145,0.0891089108910891,100,79003,,,,subcortical_hippocampus,rolling_abs_peak_10s
common_clip_clap_asr_acr_tribe,top_bottom25_category,TRIBE ROI-window cell,Hippocampus Abs peak 10s,standardized,210,1,1,euclidean,0.0504938401281833,0.0099009900990099,100,21945,1.0697766454978996,1.1566158559666997,0.0868392104688,subcortical_hippocampus,rolling_abs_peak_10s
common_clip_clap_asr_acr_tribe,continuous_admeter_distance,TRIBE ROI-window cell,Ventral striatum Whole,standardized,398,1,1,euclidean,0.0380584076046943,0.0198019801980198,100,79003,,,,subcortical_ventral_striatum_accumbens,whole
common_clip_clap_asr_acr_tribe,top_bottom25_category,TRIBE ROI-window cell,Ventral striatum Whole,standardized,210,1,1,euclidean,0.0751604065299034,0.0099009900990099,100,21945,1.0698073165698416,1.2066380587404577,0.136830742170616,subcortical_ventral_striatum_accumbens,whole
common_clip_clap_asr_acr_tribe,continuous_admeter_distance,TRIBE ROI-window cell,Ventral striatum 25-75%,standardized,398,1,1,euclidean,0.0292419996112585,0.0396039603960396,100,79003,,,,subcortical_ventral_striatum_accumbens,pct25_75
common_clip_clap_asr_acr_tribe,top_bottom25_category,TRIBE ROI-window cell,Ventral striatum 25-75%,standardized,210,1,1,euclidean,0.069106638431549,0.0099009900990099,100,21945,1.0872685976784289,1.2125121404899222,0.1252435428114933,subcortical_ventral_striatum_accumbens,pct25_75
common_clip_clap_asr_acr_tribe,continuous_admeter_distance,TRIBE ROI-window cell,Ventral striatum 50-100%,standardized,398,1,1,euclidean,0.0223029367625713,0.0693069306930693,100,79003,,,,subcortical_ventral_striatum_accumbens,pct50_100
common_clip_clap_asr_acr_tribe,top_bottom25_category,TRIBE ROI-window cell,Ventral striatum 50-100%,standardized,210,1,1,euclidean,0.0533655062317848,0.0099009900990099,100,21945,1.078877770833898,1.1675775521813003,0.0886997813474024,subcortical_ventral_striatum_accumbens,pct50_100
common_clip_clap_asr_acr_tribe,continuous_admeter_distance,TRIBE ROI-window cell,Ventral striatum Last 5s,standardized,398,1,1,euclidean,0.0791208371520042,0.0099009900990099,100,79003,,,,subcortical_ventral_striatum_accumbens,last5
common_clip_clap_asr_acr_tribe,top_bottom25_category,TRIBE ROI-window cell,Ventral striatum Last 5s,standardized,210,1,1,euclidean,0.1325720995664596,0.0099009900990099,100,21945,0.9728143604145724,1.2107666991408124,0.2379523387262401,subcortical_ventral_striatum_accumbens,last5
common_clip_clap_asr_acr_tribe,continuous_admeter_distance,TRIBE ROI-window cell,Ventral striatum Temporal SD,standardized,398,1,1,euclidean,0.0159149095416069,0.396039603960396,100,79003,,,,subcortical_ventral_striatum_accumbens,std
common_clip_clap_asr_acr_tribe,top_bottom25_category,TRIBE ROI-window cell,Ventral striatum Temporal SD,standardized,210,1,1,euclidean,0.0245092418044805,0.0198019801980198,100,21945,1.1168674840435346,1.1723841407749265,0.0555166567313918,subcortical_ventral_striatum_accumbens,std
common_clip_clap_asr_acr_tribe,continuous_admeter_distance,TRIBE ROI-window cell,Ventral striatum Peak 10s,standardized,398,1,1,euclidean,0.0664798840880394,0.0099009900990099,100,79003,,,,subcortical_ventral_striatum_accumbens,rolling_peak_10s
common_clip_clap_asr_acr_tribe,top_bottom25_category,TRIBE ROI-window cell,Ventral striatum Peak 10s,standardized,210,1,1,euclidean,0.0718642249703407,0.0099009900990099,100,21945,1.0644587460550732,1.19230847414689,0.1278497280918167,subcortical_ventral_striatum_accumbens,rolling_peak_10s
common_clip_clap_asr_acr_tribe,continuous_admeter_distance,TRIBE ROI-window cell,Ventral striatum Abs peak 10s,standardized,398,1,1,euclidean,-0.0002375136391492,1.0,100,79003,,,,subcortical_ventral_striatum_accumbens,rolling_abs_peak_10s
common_clip_clap_asr_acr_tribe,top_bottom25_category,TRIBE ROI-window cell,Ventral striatum Abs peak 10s,standardized,210,1,1,euclidean,0.0052337115630507,0.2772277227722772,100,21945,1.1399609425170494,1.1400693083911433,0.0001083658740939,subcortical_ventral_striatum_accumbens,rolling_abs_peak_10s
